Date,Gold Price  / LKR,Month,Gold Price / LKR
1/1/2016,31095.4,1/1/2019,11388.74
1/4/2016,30824.5,2/1/2019,11502.63
1/5/2016,30710.9,3/1/2019,11617.65
1/6/2016,30710.9,4/1/2019,11733.83
1/7/2016,31065.9,5/1/2019,11851.17
1/8/2016,30425.6,6/1/2019,11969.68
1/11/2016,31123.2,7/1/2019,12089.38
1/12/2016,31008,8/1/2019,12210.27
1/13/2016,31904.9,9/1/2019,12332.37
1/14/2016,32095,10/1/2019,12455.7
1/15/2016,32095,11/1/2019,12580.25
1/18/2016,31868.5,12/1/2019,12706.06
1/19/2016,32440,1/1/2020,12833.12
1/20/2016,33083.1,2/1/2020,12961.45
1/21/2016,32138.9,3/1/2020,13091.06
1/22/2016,31230.5,4/1/2020,13221.97
1/25/2016,31230.5,5/1/2020,13354.19
1/26/2016,31230.5,6/1/2020,13487.74
1/27/2016,31225,7/1/2020,13622.61
1/28/2016,31630.9,8/1/2020,13758.84
1/29/2016,31901.6,9/1/2020,13896.43
2/1/2016,32157.5,10/1/2020,14035.39
2/2/2016,31880.4,11/1/2020,14175.75
2/3/2016,31880.4,12/1/2020,14317.5
2/4/2016,31880.4,1/1/2021,14460.68
2/5/2016,32220.8,2/1/2021,14605.28
2/8/2016,31637.7,3/1/2021,14751.34
2/9/2016,32540.2,4/1/2021,14898.85
2/10/2016,32885.2,5/1/2021,15047.84
2/11/2016,31858.8,6/1/2021,15198.32
2/12/2016,31858.8,7/1/2021,15350.3
2/15/2016,31858.8,8/1/2021,15503.8
2/16/2016,31858.8,9/1/2021,15658.84
2/17/2016,32010.1,10/1/2021,15815.43
2/18/2016,30937.4,11/1/2021,15973.58
2/19/2016,30723.9,12/1/2021,16133.32
2/22/2016,30920.6,1/1/2022,16294.65
2/23/2016,30920.6,2/1/2022,16457.6
2/24/2016,30992.6,3/1/2022,16622.18
2/25/2016,30294.9,4/1/2022,16788.4
2/26/2016,29350.8,5/1/2022,16956.28
2/29/2016,28533.9,6/1/2022,17125.84
3/1/2016,28535.3,7/1/2022,17297.1
3/2/2016,28939.2,8/1/2022,17470.07
3/3/2016,28939.2,9/1/2022,17644.77
3/4/2016,28939.2,10/1/2022,17821.22
3/7/2016,29693.4,11/1/2022,17999.43
3/8/2016,29777.2,12/1/2022,18179.43
3/9/2016,29610.2,1/1/2023,18361.22
3/10/2016,29696.8,2/1/2023,18544.84
3/11/2016,29008.6,3/1/2023,18730.28
3/14/2016,29317.6,4/1/2023,18917.59
3/15/2016,29317.6,5/1/2023,19106.76
3/16/2016,29050.4,6/1/2023,19297.83
3/17/2016,28738.4,7/1/2023,19490.81
3/18/2016,28730.9,8/1/2023,19685.72
3/21/2016,28705.5,9/1/2023,19882.57
3/22/2016,28689.3,10/1/2023,20081.4
3/23/2016,28689.3,11/1/2023,20282.21
3/24/2016,28756.6,12/1/2023,20485.04
3/25/2016,28970.7,1/1/2024,20689.89
3/28/2016,28986,2/1/2024,20896.79
3/29/2016,28836.8,3/1/2024,21105.75
3/30/2016,28544.2,4/1/2024,21316.81
3/31/2016,28363.2,5/1/2024,21529.98
4/1/2016,28363.2,6/1/2024,21745.28
4/4/2016,28370,7/1/2024,21962.73
4/5/2016,28332.7,8/1/2024,22182.36
4/6/2016,27840.2,9/1/2024,22404.18
4/7/2016,27653.8,10/1/2024,22628.22
4/8/2016,27409.1,11/1/2024,22854.51
4/11/2016,27646.4,12/1/2024,23083.05
4/12/2016,27646.4,1/1/2025,23313.88
4/13/2016,27627.2,2/1/2025,23547.02
4/14/2016,27625.5,3/1/2025,23782.49
4/15/2016,27638.7,4/1/2025,24020.32
4/18/2016,27652.6,5/1/2025,24260.52
4/19/2016,27375.6,,
4/20/2016,27134.7,,
4/21/2016,27069.8,,
4/22/2016,27069.8,,
4/25/2016,27265.7,,
4/26/2016,27683.4,,
4/27/2016,27639.8,,
4/28/2016,28017.3,,
4/29/2016,27888.7,,
5/2/2016,27888.7,,
5/3/2016,27892.1,,
5/4/2016,27920.4,,
5/5/2016,27946,,
5/6/2016,27925.6,,
5/9/2016,27511.3,,
5/10/2016,27271.1,,
5/11/2016,27271.1,,
5/12/2016,27276.9,,
5/13/2016,27851.5,,
5/16/2016,27705.6,,
5/17/2016,27628.7,,
5/18/2016,27936.2,,
5/19/2016,27318.5,,
5/20/2016,27318.5,,
5/23/2016,27318.5,,
5/24/2016,27349.1,,
5/25/2016,27481.5,,
5/26/2016,27330.9,,
5/27/2016,27054.2,,
5/30/2016,27164.7,,
5/31/2016,26817.4,,
6/1/2016,26773.2,,
6/2/2016,26679.7,,
6/3/2016,26282.2,,
6/6/2016,26363.4,,
6/7/2016,26261.7,,
6/8/2016,26486.7,,
6/9/2016,26486.7,,
6/10/2016,26544.1,,
6/13/2016,26462.7,,
6/14/2016,26171.4,,
6/15/2016,26205.4,,
6/16/2016,25813.6,,
6/17/2016,25724.8,,
6/20/2016,25724.8,,
6/21/2016,25724.8,,
6/22/2016,25833.8,,
6/23/2016,25385.5,,
6/24/2016,25344.5,,
6/27/2016,25205.2,,
6/28/2016,25539.8,,
6/29/2016,25539.8,,
6/30/2016,25425.6,,
7/1/2016,25254.7,,
7/4/2016,25317.9,,
7/5/2016,25136.2,,
7/6/2016,25049.7,,
7/7/2016,24853.3,,
7/8/2016,24853.3,,
7/11/2016,24899.9,,
7/12/2016,25019.5,,
7/13/2016,24694.2,,
7/14/2016,24694.2,,
7/15/2016,24450.6,,
7/18/2016,24620,,
7/19/2016,24620,,
7/20/2016,24592.3,,
7/21/2016,24875.2,,
7/22/2016,24718.9,,
7/25/2016,24742.8,,
7/26/2016,24865.4,,
7/27/2016,24609.8,,
7/28/2016,24609.8,,
7/29/2016,24701.8,,
8/1/2016,24396.4,,
8/2/2016,24188.8,,
8/3/2016,24730.8,,
8/4/2016,24744.5,,
8/5/2016,24630.1,,
8/8/2016,24630.1,,
8/9/2016,24662.7,,
8/10/2016,24988,,
8/11/2016,25294,,
8/12/2016,25116.1,,
8/15/2016,24810.1,,
8/16/2016,24567.9,,
8/17/2016,24567.9,,
8/18/2016,24567.9,,
8/19/2016,24546.9,,
8/22/2016,24719,,
8/23/2016,24674.8,,
8/24/2016,24613.3,,
8/25/2016,24686.6,,
8/26/2016,24686.6,,
8/29/2016,24749.8,,
8/30/2016,24609,,
8/31/2016,24630.3,,
9/1/2016,24595.2,,
9/2/2016,24532.9,,
9/5/2016,25331.4,,
9/6/2016,25331.4,,
9/7/2016,25357,,
9/8/2016,24936,,
9/9/2016,24655.9,,
9/12/2016,24588.7,,
9/13/2016,24319.9,,
9/14/2016,24108.7,,
9/15/2016,24108.7,,
9/16/2016,24038.4,,
9/19/2016,24058.4,,
9/20/2016,24165.3,,
9/21/2016,24403.3,,
9/22/2016,24617.9,,
9/23/2016,25350.3,,
9/26/2016,25221.9,,
9/27/2016,25219.4,,
9/28/2016,25429.7,,
9/29/2016,24994.7,,
9/30/2016,25818.9,,
10/3/2016,25770.1,,
10/4/2016,25701,,
10/5/2016,25701,,
10/6/2016,25719.3,,
10/7/2016,25788.4,,
10/10/2016,26239.1,,
10/11/2016,26161.5,,
10/12/2016,25834.5,,
10/13/2016,25952.3,,
10/14/2016,25952.3,,
10/17/2016,25933,,
10/18/2016,25799.4,,
10/19/2016,25579,,
10/20/2016,25879.6,,
10/21/2016,25593,,
10/24/2016,25581.2,,
10/25/2016,25581.2,,
10/26/2016,25581.2,,
10/27/2016,25310,,
10/28/2016,25133.6,,
10/31/2016,25065.4,,
11/1/2016,24920.5,,
11/2/2016,24978.7,,
11/3/2016,24978.7,,
11/4/2016,24978.7,,
11/7/2016,24734.6,,
11/8/2016,24521.6,,
11/9/2016,24665.3,,
11/10/2016,24874.5,,
11/11/2016,25105.1,,
11/14/2016,25105.1,,
11/15/2016,24993.9,,
11/16/2016,25069.5,,
11/17/2016,25167.8,,
11/18/2016,25210.5,,
11/21/2016,25051,,
11/22/2016,25430,,
11/23/2016,25430,,
11/24/2016,25430,,
11/25/2016,25717,,
11/28/2016,25664.9,,
11/29/2016,25854.4,,
11/30/2016,25687.4,,
12/1/2016,25631.9,,
12/2/2016,25631.9,,
12/5/2016,25680,,
12/6/2016,25308.9,,
12/7/2016,24844.2,,
12/8/2016,24950,,
12/9/2016,25050,,
12/12/2016,24992.8,,
12/13/2016,24964.7,,
12/14/2016,24838.5,,
12/15/2016,24786.6,,
12/16/2016,24232.7,,
12/19/2016,24277.7,,
12/20/2016,24192.6,,
12/21/2016,23979.3,,
12/22/2016,23979.3,,
12/23/2016,23943.8,,
12/26/2016,24135.7,,
12/27/2016,23886.8,,
12/28/2016,23927,,
12/29/2016,24035.3,,
12/30/2016,24078.4,,
1/2/2017,24043.5,,
1/3/2017,24034.4,,
1/4/2017,24354.8,,
1/5/2017,24157.1,,
1/6/2017,24339.9,,
1/9/2017,24323.4,,
1/10/2017,23992.3,,
1/11/2017,23992.3,,
1/12/2017,24176.9,,
1/13/2017,24038.6,,
1/16/2017,24241.9,,
1/17/2017,24114.9,,
1/18/2017,24021.1,,
1/19/2017,23958,,
1/20/2017,24051.8,,
1/23/2017,24052.2,,
1/24/2017,23572.5,,
1/25/2017,23509.7,,
1/26/2017,23669.2,,
1/27/2017,23753.2,,
1/30/2017,23388.6,,
1/31/2017,23415.4,,
2/1/2017,23416.3,,
2/2/2017,23453.7,,
2/3/2017,23095.6,,
2/6/2017,23201.9,,
2/7/2017,23241.2,,
2/8/2017,23460,,
2/9/2017,23661.4,,
2/10/2017,23784.7,,
2/13/2017,23811.7,,
2/14/2017,23760.4,,
2/15/2017,23403.4,,
2/16/2017,23172.8,,
2/17/2017,23191.3,,
2/20/2017,23216.9,,
2/21/2017,23223.2,,
2/22/2017,23032.6,,
2/23/2017,23364,,
2/24/2017,23488.5,,
2/27/2017,23394.6,,
2/28/2017,23362.1,,
3/1/2017,23362.1,,
3/2/2017,23369.7,,
3/3/2017,23865,,
3/6/2017,23967.6,,
3/7/2017,24050.7,,
3/8/2017,23536.8,,
3/9/2017,23347.1,,
3/10/2017,23408.9,,
3/13/2017,23415,,
3/14/2017,23488.6,,
3/15/2017,23118.9,,
3/16/2017,23080.3,,
3/17/2017,23077,,
3/20/2017,23418.1,,
3/21/2017,23337.2,,
3/22/2017,23363.5,,
3/23/2017,23018,,
3/24/2017,23036,,
3/27/2017,22875.3,,
3/28/2017,22859.4,,
3/29/2017,22808.3,,
3/30/2017,22848.2,,
3/31/2017,22848.2,,
4/3/2017,22862.5,,
4/4/2017,22543.1,,
4/5/2017,22756.5,,
4/6/2017,22850,,
4/7/2017,22702.1,,
4/10/2017,22706.7,,
4/11/2017,22750.9,,
4/12/2017,23119.2,,
4/13/2017,22831.7,,
4/14/2017,22805.5,,
4/17/2017,22618.8,,
4/18/2017,22722.3,,
4/19/2017,22719.9,,
4/20/2017,22763.3,,
4/21/2017,22519,,
4/24/2017,22520.9,,
4/25/2017,22586.5,,
4/26/2017,22457.2,,
4/27/2017,22470.8,,
4/28/2017,22287.8,,
5/1/2017,22262.4,,
5/2/2017,23062.8,,
5/4/2017,22884.1,,
5/5/2017,22581.9,,
5/8/2017,22774.7,,
5/9/2017,22453.8,,
5/10/2017,22481,,
5/11/2017,22487.7,,
5/12/2017,22709.8,,
5/15/2017,22650.8,,
5/16/2017,22899.6,,
5/17/2017,22686,,
5/18/2017,22466.9,,
5/22/2017,22418.3,,
5/23/2017,22429.7,,
5/24/2017,22459.4,,
5/25/2017,22935.6,,
5/26/2017,23323.6,,
5/29/2017,23373.4,,
5/30/2017,23145.3,,
5/31/2017,23108.9,,
6/1/2017,23258.6,,
6/2/2017,22966.1,,
6/5/2017,23149.5,,
6/6/2017,22640.7,,
6/7/2017,22462.6,,
6/8/2017,22680.2,,
6/9/2017,22642.9,,
6/12/2017,22662.4,,
6/13/2017,22508.9,,
6/14/2017,22263,,
6/15/2017,22062.1,,
6/16/2017,22171.5,,
6/19/2017,21905.1,,
6/20/2017,21901.2,,
6/21/2017,21960.7,,
6/22/2017,21974.1,,
6/23/2017,22219.4,,
6/26/2017,21826.3,,
6/27/2017,22268.5,,
6/28/2017,22246.3,,
6/29/2017,22271.2,,
6/30/2017,22257.5,,
7/3/2017,22239.4,,
7/4/2017,22216.3,,
7/5/2017,22363.1,,
7/6/2017,22486.4,,
7/7/2017,23076.8,,
7/10/2017,23143.4,,
7/11/2017,23172.6,,
7/12/2017,23007.5,,
7/13/2017,22905.2,,
7/14/2017,22980.3,,
7/17/2017,22889.4,,
7/18/2017,22535,,
7/19/2017,22411.3,,
7/20/2017,22438.6,,
7/21/2017,22753.4,,
7/24/2017,22413.2,,
7/25/2017,22546,,
7/26/2017,22398.2,,
7/27/2017,22182.8,,
7/28/2017,22333.5,,
7/31/2017,22312.2,,
8/1/2017,22023.6,,
8/2/2017,22119.3,,
8/3/2017,21941.1,,
8/4/2017,21706.3,,
8/7/2017,21550.5,,
8/8/2017,21520.8,,
8/9/2017,21548.7,,
8/10/2017,21550.6,,
8/11/2017,21200.2,,
8/14/2017,21127.1,,
8/15/2017,21076.1,,
8/16/2017,20996.8,,
8/17/2017,20996.8,,
8/18/2017,21080.1,,
8/21/2017,21286,,
8/23/2017,21308.6,,
8/24/2017,21169.9,,
8/25/2017,21181.8,,
8/28/2017,21132.7,,
8/29/2017,21132.7,,
8/30/2017,21285,,
8/31/2017,21224.2,,
9/1/2017,21351.3,,
9/4/2017,21257.7,,
9/5/2017,21495.6,,
9/6/2017,21466.4,,
9/7/2017,21466.4,,
9/8/2017,21482.7,,
9/11/2017,21305.6,,
9/12/2017,21223,,
9/13/2017,21069,,
9/14/2017,20933.6,,
9/15/2017,20562.7,,
9/18/2017,20621.9,,
9/19/2017,20744.7,,
9/20/2017,20342.6,,
9/21/2017,20246.6,,
9/22/2017,20228.7,,
9/25/2017,20266.6,,
9/26/2017,20297.3,,
9/27/2017,20302.5,,
9/28/2017,20337.7,,
9/29/2017,20189,,
10/2/2017,20264.6,,
10/3/2017,20336.9,,
10/4/2017,20247.1,,
10/5/2017,20198.3,,
10/6/2017,20198.3,,
10/9/2017,20188,,
10/10/2017,20121.9,,
10/11/2017,20017.1,,
10/12/2017,20037.7,,
10/16/2017,20253.9,,
10/17/2017,20324.4,,
10/18/2017,20324.4,,
10/19/2017,20339.8,,
10/20/2017,20454.6,,
10/23/2017,20469.9,,
10/24/2017,20543.2,,
10/25/2017,20332.6,,
10/26/2017,20435.1,,
10/27/2017,20435.1,,
10/30/2017,20413.2,,
10/31/2017,20809.2,,
11/1/2017,20623,,
11/2/2017,20723.5,,
11/3/2017,20714.8,,
11/6/2017,20605.1,,
11/7/2017,20605.1,,
11/8/2017,20714.9,,
11/9/2017,20642,,
11/10/2017,20697.1,,
11/13/2017,20834.2,,
11/14/2017,20750.4,,
11/15/2017,20889.1,,
11/16/2017,20889.1,,
11/17/2017,20883.6,,
11/20/2017,20834.9,,
11/21/2017,20741.9,,
11/22/2017,20953.9,,
11/23/2017,21240.2,,
11/24/2017,21171.7,,
11/27/2017,21171.7,,
11/28/2017,21168.8,,
11/29/2017,20997.8,,
11/30/2017,20993.5,,
12/1/2017,21015.8,,
12/4/2017,20998.3,,
12/5/2017,21184.1,,
12/6/2017,21184.1,,
12/7/2017,21263,,
12/8/2017,21191.5,,
12/11/2017,21125.4,,
12/12/2017,21485.9,,
12/13/2017,21508.2,,
12/14/2017,21488.7,,
12/15/2017,21449.6,,
12/18/2017,21489.3,,
12/19/2017,21613.5,,
12/20/2017,21746.4,,
12/21/2017,21594.7,,
12/22/2017,21490.6,,
12/25/2017,21449.3,,
12/26/2017,21449.3,,
12/27/2017,21485.2,,
12/28/2017,21432.5,,
12/29/2017,21335.8,,
1/1/2018,21405.1,,
1/2/2018,21265.5,,
1/3/2018,21316.4,,
1/4/2018,21316.4,,
1/5/2018,21201.4,,
1/8/2018,21336.5,,
1/9/2018,21164.3,,
1/10/2018,20807.1,,
1/11/2018,20837.7,,
1/12/2018,21080.5,,
1/15/2018,21080.5,,
1/16/2018,21026.5,,
1/17/2018,21323.8,,
1/18/2018,21418.9,,
1/19/2018,21279.3,,
1/22/2018,21412.2,,
1/23/2018,21840,,
1/24/2018,21840,,
1/25/2018,21810.6,,
1/26/2018,21449,,
1/29/2018,21624.3,,
1/30/2018,21575.4,,
1/31/2018,21279.7,,
2/1/2018,21048.9,,
2/2/2018,21048.9,,
2/5/2018,21104.8,,
2/6/2018,21049.2,,
2/7/2018,21026.7,,
2/8/2018,20969.8,,
2/9/2018,20799.4,,
2/12/2018,20755.5,,
2/13/2018,20755.5,,
2/14/2018,20850.3,,
2/15/2018,20913.8,,
2/16/2018,20723.3,,
2/19/2018,20661,,
2/20/2018,20443.2,,
2/21/2018,20304.2,,
2/22/2018,20304.2,,
2/23/2018,20338,,
2/26/2018,20593.8,,
2/27/2018,20568.4,,
2/28/2018,20661.2,,
3/1/2018,20785.4,,
3/2/2018,20873.9,,
3/5/2018,20873.9,,
3/6/2018,21031,,
3/7/2018,20946.2,,
3/8/2018,20823.3,,
3/9/2018,20895.5,,
3/12/2018,20970.2,,
3/13/2018,21100.6,,
3/14/2018,21100.6,,
3/15/2018,21095.8,,
3/16/2018,20838,,
3/19/2018,20773.6,,
3/20/2018,20741.6,,
3/21/2018,20637.3,,
3/22/2018,20684.6,,
3/23/2018,20684.6,,
3/26/2018,20608.8,,
3/27/2018,20586.9,,
3/28/2018,20286.1,,
3/29/2018,20000.8,,
3/30/2018,19984.3,,
4/2/2018,20113.8,,
4/3/2018,20113.8,,
4/4/2018,20066.2,,
4/5/2018,19423.6,,
4/6/2018,19524.2,,
4/9/2018,19359.4,,
4/10/2018,19350.9,,
4/11/2018,18987.2,,
4/12/2018,18987.2,,
4/13/2018,19041.9,,
4/16/2018,18920.8,,
4/17/2018,18965.7,,
4/18/2018,18982.2,,
4/19/2018,19065,,
4/20/2018,19283.7,,
4/23/2018,19283.7,,
4/24/2018,19256.1,,
4/25/2018,19437.4,,
4/26/2018,19528.9,,
4/27/2018,19773.2,,
4/30/2018,20024,,
5/1/2018,19968.9,,
5/2/2018,19968.9,,
5/3/2018,20037.7,,
5/4/2018,20090.7,,
5/5/2018,20114,,
5/6/2018,20084.9,,
5/7/2018,20082.7,,
5/8/2018,19923.4,,
5/9/2018,19923.4,,
5/10/2018,19947.7,,
5/11/2018,19826.8,,
5/12/2018,19825.1,,
5/13/2018,19855.4,,
5/14/2018,19904.3,,
5/15/2018,19857.2,,
5/16/2018,19877.7,,
5/17/2018,19877.4,,
5/18/2018,19893.5,,
5/19/2018,19861.9,,
5/20/2018,19994.2,,
5/21/2018,19925.9,,
5/22/2018,19926.8,,
5/23/2018,19926.8,,
5/24/2018,19936.4,,
5/25/2018,19993.9,,
5/26/2018,20073.1,,
5/27/2018,20111.1,,
5/28/2018,19953.7,,
5/29/2018,19934.6,,
5/30/2018,19921.2,,
5/31/2018,19903.5,,
6/1/2018,19969.8,,
6/2/2018,19933,,
6/3/2018,19752.2,,
6/4/2018,19610,,
6/5/2018,19538.3,,
6/6/2018,19538.3,,
6/7/2018,19585.1,,
6/8/2018,19585.5,,
6/9/2018,19507.6,,
6/10/2018,19645.5,,
6/11/2018,19757.4,,
6/12/2018,19773.1,,
6/13/2018,19773.1,,
6/14/2018,19722.5,,
6/15/2018,19639.2,,
6/16/2018,19617.7,,
6/17/2018,19830.2,,
6/18/2018,20126.5,,
6/19/2018,19873.6,,
6/20/2018,19873.6,,
6/21/2018,20014.1,,
6/22/2018,19863.7,,
6/23/2018,19596.4,,
6/24/2018,19919.2,,
6/25/2018,20208.2,,
6/26/2018,20675.6,,
6/27/2018,20675.6,,
6/28/2018,20723.4,,
6/29/2018,20631.5,,
6/30/2018,20953.8,,
7/1/2018,20951.4,,
7/2/2018,20595.1,,
7/3/2018,20659.1,,
7/4/2018,20659.1,,
7/5/2018,20679.4,,
7/6/2018,20630.5,,
7/7/2018,20676.7,,
7/8/2018,20542.9,,
7/9/2018,20233,,
7/10/2018,20068.1,,
7/11/2018,20068.1,,
7/12/2018,19922.1,,
7/13/2018,19679.2,,
7/14/2018,19680.1,,
7/15/2018,19452.9,,
7/16/2018,19350.5,,
7/17/2018,19209.6,,
7/18/2018,19209.6,,
7/19/2018,19220.6,,
7/20/2018,18941.2,,
7/21/2018,18942.9,,
7/22/2018,18929.5,,
7/23/2018,18976.3,,
7/24/2018,18860.1,,
7/25/2018,18983.2,,
7/26/2018,18977.3,,
7/27/2018,18810.8,,
7/28/2018,18832.3,,
7/29/2018,18984.1,,
7/30/2018,18952.7,,
7/31/2018,18873.7,,
8/1/2018,18861.7,,
8/2/2018,18983,,
8/3/2018,18879,,
8/4/2018,19114.1,,
8/5/2018,19146.1,,
8/6/2018,19421.7,,
8/7/2018,19445.7,,
8/8/2018,19465.3,,
8/9/2018,19449.8,,
8/10/2018,19316,,
8/11/2018,19226.3,,
8/12/2018,18801.1,,
8/13/2018,18925.3,,
8/14/2018,18688.8,,
8/15/2018,18683.1,,
8/16/2018,18507.9,,
8/17/2018,18434.7,,
8/18/2018,18187,,
8/19/2018,18450.1,,
8/20/2018,18291.9,,
8/21/2018,18219.6,,
8/22/2018,18219.6,,
8/23/2018,18159,,
8/24/2018,18726.5,,
8/25/2018,18525.1,,
8/26/2018,18684.4,,
8/27/2018,18579.6,,
8/28/2018,18614.7,,
8/29/2018,18892.4,,
8/30/2018,18897.2,,
8/31/2018,18936.5,,
9/1/2018,19186.4,,
9/2/2018,19418.4,,
9/3/2018,19380.7,,
9/4/2018,19439.3,,
9/5/2018,19433.3,,
9/6/2018,19479.9,,
9/7/2018,19324.1,,
9/8/2018,19757,,
9/9/2018,20011.7,,
9/10/2018,20259.9,,
9/11/2018,20173,,
9/12/2018,20258.3,,
9/13/2018,20253.2,,
9/14/2018,20396.6,,
9/15/2018,20648.1,,
9/16/2018,20770.4,,
9/17/2018,20692.9,,
9/18/2018,20717.3,,
9/19/2018,20718.1,,
9/20/2018,20731.8,,
9/21/2018,21022.6,,
9/22/2018,20879.2,,
9/23/2018,20505.6,,
9/24/2018,20331,,
9/25/2018,20199.7,,
9/26/2018,20463.6,,
9/27/2018,20451,,
9/28/2018,20553.3,,
9/29/2018,20558.5,,
9/30/2018,20625.6,,
10/1/2018,20583.3,,
10/2/2018,20549.3,,
10/3/2018,20549.2,,
10/4/2018,20545.2,,
10/5/2018,20715.5,,
10/6/2018,20557.4,,
10/7/2018,20729.4,,
10/8/2018,20846.2,,
10/9/2018,20699,,
10/10/2018,20698.4,,
10/11/2018,20810.9,,
10/12/2018,21158.1,,
10/13/2018,20824.2,,
10/14/2018,20569,,
10/15/2018,20463.8,,
10/16/2018,20465.8,,
10/17/2018,20465.8,,
10/18/2018,20612,,
10/19/2018,20611.3,,
10/20/2018,20931.2,,
10/21/2018,20859.7,,
10/22/2018,20599.7,,
10/23/2018,20866.8,,
10/24/2018,20866.2,,
10/25/2018,20872.8,,
10/26/2018,20660.6,,
10/27/2018,20474.4,,
10/28/2018,20562.7,,
10/29/2018,20412.7,,
10/30/2018,20537.7,,
10/31/2018,20535.4,,
11/1/2018,20511.8,,
11/2/2018,20502.3,,
11/3/2018,20430.1,,
11/4/2018,20110.2,,
11/5/2018,21914.9,,
11/6/2018,21333.5,,
11/7/2018,21342.4,,
11/8/2018,21430.5,,
11/9/2018,21084.2,,
11/10/2018,20789.2,,
11/11/2018,20774,,
11/12/2018,20285.6,,
11/13/2018,19386,,
11/14/2018,19388.5,,
11/15/2018,19457.1,,
11/16/2018,21460.5,,
11/17/2018,19750.9,,
11/18/2018,19733.9,,
11/19/2018,20075.9,,
11/20/2018,20225.4,,
11/21/2018,20631.4,,
11/22/2018,20610.8,,
11/23/2018,21152.7,,
11/24/2018,21405.1,,
11/25/2018,21252.3,,
11/26/2018,21171.5,,
11/27/2018,21204.4,,
11/28/2018,21207.5,,
11/29/2018,21243.2,,
11/30/2018,21362.3,,
12/1/2018,21363.1,,
12/2/2018,21338.5,,
12/3/2018,21399.6,,
12/4/2018,21424.9,,
12/5/2018,21624.4,,
12/6/2018,21626.7,,
12/7/2018,21572.8,,
12/8/2018,21504.9,,
12/9/2018,21730.4,,
12/10/2018,21696.5,,
12/11/2018,21848.7,,
12/12/2018,21850,,
12/13/2018,21847.8,,
12/14/2018,21811,,
12/15/2018,21991.6,,
12/16/2018,21932.1,,
12/17/2018,21873.6,,
12/18/2018,22056.3,,
12/19/2018,22056.3,,
12/20/2018,21857.1,,
12/21/2018,22478.1,,
12/22/2018,22865.5,,
12/23/2018,22754,,
12/24/2018,22586.7,,
12/25/2018,22542.1,,
12/26/2018,22542.1,,
12/27/2018,22562,,
12/28/2018,22588.8,,
12/29/2018,22747.1,,
12/30/2018,22645.3,,
12/31/2018,22539.2,,
1/1/2019,22627.2,,
1/2/2019,22627.2,,
1/3/2019,22665.4,,
1/4/2019,22752.5,,
1/5/2019,22230.8,,
1/6/2019,22543.3,,
1/7/2019,22516.7,,
1/8/2019,22486.3,,
1/9/2019,22486.3,,
1/10/2019,22552.3,,
1/11/2019,22357.9,,
1/12/2019,22084.4,,
1/13/2019,22144.8,,
1/14/2019,22092.2,,
1/15/2019,21912.7,,
1/16/2019,21912.7,,
1/17/2019,21950.6,,
1/18/2019,21513.5,,
1/19/2019,21731.4,,
1/20/2019,21577.1,,
1/21/2019,21401.7,,
1/22/2019,21518.1,,
1/23/2019,21355.5,,
1/24/2019,21336.1,,
1/25/2019,21311.7,,
1/26/2019,21193.5,,
1/27/2019,21294.2,,
1/28/2019,21088.9,,
1/29/2019,21097.6,,
1/30/2019,21097.6,,
1/31/2019,21078.5,,
2/1/2019,20982.3,,
2/2/2019,21273.6,,
2/3/2019,21331.1,,
2/4/2019,20940.4,,
2/5/2019,21219.7,,
2/6/2019,21219.7,,
2/7/2019,21164.2,,
2/8/2019,20992,,
2/9/2019,21203.8,,
2/10/2019,21353.9,,
2/11/2019,20998.7,,
2/12/2019,21216.4,,
2/13/2019,21216.4,,
2/14/2019,21221.9,,
2/15/2019,21102.1,,
2/16/2019,21108,,
2/17/2019,20910.8,,
2/18/2019,20850.4,,
2/19/2019,21265.8,,
2/20/2019,21265.8,,
2/21/2019,21286.3,,
2/22/2019,21309,,
2/23/2019,20905.8,,
2/24/2019,20661.6,,
2/25/2019,20600.7,,
2/26/2019,20687.9,,
2/27/2019,20687.9,,
2/28/2019,20687.9,,
3/1/2019,20784.4,,
3/2/2019,20551.2,,
3/3/2019,20514,,
3/4/2019,20502,,
3/5/2019,20626.7,,
3/6/2019,20626.7,,
3/7/2019,20616.3,,
3/8/2019,20767.8,,
3/9/2019,20924.8,,
3/10/2019,20982.2,,
3/11/2019,20828.8,,
3/12/2019,20720.5,,
3/13/2019,20720.5,,
3/14/2019,20828.3,,
3/15/2019,20727.5,,
3/16/2019,20124.8,,
3/17/2019,20084.7,,
3/18/2019,19610.6,,
3/19/2019,19300,,
3/20/2019,19672.4,,
3/21/2019,19768.1,,
3/22/2019,19204.1,,
3/23/2019,19273.5,,
3/24/2019,19398.5,,
3/25/2019,19173.1,,
3/26/2019,19393.1,,
3/27/2019,19393.1,,
3/28/2019,19382.9,,
3/29/2019,19582.7,,
3/30/2019,19423.7,,
3/31/2019,19466.6,,
4/1/2019,19343.1,,
4/2/2019,19084.2,,
4/3/2019,19297.6,,
4/4/2019,19483.8,,
4/5/2019,19072.3,,
4/6/2019,19118.7,,
4/7/2019,19367.2,,
4/8/2019,19368.4,,
4/9/2019,19263.5,,
4/10/2019,19263.5,,
4/11/2019,19261.4,,
4/12/2019,19499.7,,
4/13/2019,19702.6,,
4/14/2019,19566.9,,
4/15/2019,19605.6,,
4/16/2019,19972.2,,
4/17/2019,19972.2,,
4/18/2019,19852.1,,
4/19/2019,19969.4,,
4/20/2019,20116.9,,
4/21/2019,19945.2,,
4/22/2019,19644.5,,
4/23/2019,19509.7,,
4/24/2019,19509.7,,
4/25/2019,19505.3,,
4/26/2019,19171.3,,
4/27/2019,19424.3,,
4/28/2019,19003.4,,
4/29/2019,18888.5,,
4/30/2019,19116.6,,
5/1/2019,19116.6,,
5/2/2019,18982.9,,
5/3/2019,19603.5,,
5/4/2019,19306.4,,
5/5/2019,19166,,
5/6/2019,19337.3,,
5/7/2019,19129.2,,
5/8/2019,19129.2,,
5/9/2019,19291.7,,
5/10/2019,19224.3,,
5/11/2019,19873.9,,
5/12/2019,19968.3,,
5/13/2019,20063.7,,
5/14/2019,19678.6,,
5/15/2019,19678.6,,
5/16/2019,19846.7,,
5/17/2019,19729.8,,
5/18/2019,19848.5,,
5/19/2019,19637.8,,
5/20/2019,19702.6,,
5/21/2019,19786.8,,
5/22/2019,19786.8,,
5/23/2019,19767.4,,
5/24/2019,19866.7,,
5/25/2019,19471.2,,
5/26/2019,19826.4,,
5/27/2019,19970.9,,
5/28/2019,19911.7,,
5/29/2019,19911.7,,
5/30/2019,20388.8,,
5/31/2019,20575.8,,
6/1/2019,20469.6,,
6/2/2019,20491.6,,
6/3/2019,20047.6,,
6/4/2019,20219.8,,
6/5/2019,20219.8,,
6/6/2019,20190.4,,
6/7/2019,20326.7,,
6/8/2019,20408.3,,
6/9/2019,20816.6,,
6/10/2019,20745.5,,
6/11/2019,20825.2,,
6/12/2019,20825.2,,
6/13/2019,20808.6,,
6/14/2019,20817.8,,
6/15/2019,20730.9,,
6/16/2019,20734,,
6/17/2019,20687.3,,
6/18/2019,20619.1,,
6/19/2019,20619.1,,
6/20/2019,20510.4,,
6/21/2019,20751.3,,
6/22/2019,20219,,
6/23/2019,20172.2,,
6/24/2019,20370.8,,
6/25/2019,20329.7,,
6/26/2019,20329.7,,
6/27/2019,20287.7,,
6/28/2019,20218.1,,
6/29/2019,20010,,
6/30/2019,19569.8,,
7/1/2019,19582.2,,
7/2/2019,19879.9,,
7/3/2019,19879.9,,
7/4/2019,19943.6,,
7/5/2019,19889.7,,
7/6/2019,19569.9,,
7/7/2019,19680,,
7/8/2019,19622.3,,
7/9/2019,19702.8,,
7/10/2019,19702.8,,
7/11/2019,19717.7,,
7/12/2019,19813.6,,
7/13/2019,19890.2,,
7/14/2019,19928.2,,
7/15/2019,20239.2,,
7/16/2019,20289.5,,
7/17/2019,20289.5,,
7/18/2019,20302.2,,
7/19/2019,20112.7,,
7/20/2019,20085.8,,
7/21/2019,20332.5,,
7/22/2019,20806.2,,
7/23/2019,20924.8,,
7/24/2019,20924.8,,
7/25/2019,20876.2,,
7/26/2019,20895.7,,
7/27/2019,21008.1,,
7/28/2019,21033.4,,
7/29/2019,21074.3,,
7/30/2019,21125.2,,
7/31/2019,21125.2,,
8/1/2019,21106.6,,
8/2/2019,21109.7,,
8/3/2019,21356.3,,
8/4/2019,21155.9,,
8/5/2019,21075.5,,
8/6/2019,21242.8,,
8/7/2019,21242.8,,
8/8/2019,21164.9,,
8/9/2019,21441.6,,
8/10/2019,21183.1,,
8/11/2019,20890,,
8/12/2019,20994.2,,
8/13/2019,21689.7,,
8/14/2019,21689.7,,
8/15/2019,21555.2,,
8/16/2019,21344.4,,
8/17/2019,21315.5,,
8/18/2019,21515.5,,
8/19/2019,21412.6,,
8/20/2019,21463.8,,
8/21/2019,21463.8,,
8/22/2019,21420.7,,
8/23/2019,21614.2,,
8/24/2019,21320.8,,
8/25/2019,21577.2,,
8/26/2019,21725.6,,
8/27/2019,21109.4,,
8/28/2019,21109.4,,
8/29/2019,21109.7,,
8/30/2019,21412,,
8/31/2019,21433.1,,
9/1/2019,21582,,
9/2/2019,21423.4,,
9/3/2019,21061.8,,
9/4/2019,21061.8,,
9/5/2019,21045.2,,
9/6/2019,21294.8,,
9/7/2019,20993.5,,
9/8/2019,21254.5,,
9/9/2019,20480.3,,
9/10/2019,20923.7,,
9/11/2019,20923.7,,
9/12/2019,20898.3,,
9/13/2019,21110.3,,
9/14/2019,21398.2,,
9/15/2019,21200.4,,
9/16/2019,21431.4,,
9/17/2019,21795.5,,
9/18/2019,21795.5,,
9/19/2019,21786.7,,
9/20/2019,21082.3,,
9/21/2019,21325.6,,
9/22/2019,21136.6,,
9/23/2019,21190.4,,
9/24/2019,21315.6,,
9/25/2019,21315.6,,
9/26/2019,21306,,
9/27/2019,21284.4,,
9/28/2019,20979.7,,
9/29/2019,21085.9,,
9/30/2019,20716.8,,
10/1/2019,20828,,
10/2/2019,20828,,
10/3/2019,20776.9,,
10/4/2019,20712.6,,
10/5/2019,20729,,
10/6/2019,20394.4,,
10/7/2019,20657.4,,
10/8/2019,20601.3,,
10/9/2019,20601.3,,
10/10/2019,20601.3,,
10/11/2019,20408.9,,
10/12/2019,20443.5,,
10/13/2019,20518.4,,
10/14/2019,20086.3,,
10/15/2019,19727.3,,
10/16/2019,19727.3,,
10/17/2019,19727.1,,
10/18/2019,18605.4,,
10/19/2019,18541.3,,
10/20/2019,18517.4,,
10/21/2019,18291.3,,
10/22/2019,18414.6,,
10/23/2019,18414.6,,
10/24/2019,18393.4,,
10/25/2019,18319.9,,
10/26/2019,18330.1,,
10/27/2019,18232.1,,
10/28/2019,17571.2,,
10/29/2019,18261.6,,
10/30/2019,18261.6,,
10/31/2019,18057.6,,
11/1/2019,18121.7,,
11/2/2019,17643.4,,
11/3/2019,17539.6,,
11/4/2019,17394.4,,
11/5/2019,17108.3,,
11/6/2019,16258.2,,
11/7/2019,16243.9,,
11/8/2019,16456.3,,
11/9/2019,16424.9,,
11/10/2019,15669.4,,
11/11/2019,15972.7,,
11/12/2019,16245.1,,
11/13/2019,16245.1,,
11/14/2019,16226.3,,
11/15/2019,14485,,
11/16/2019,14517.9,,
11/17/2019,13169.5,,
11/18/2019,12921.3,,
11/19/2019,12810.7,,
11/20/2019,12810.7,,
11/21/2019,12769.9,,
11/22/2019,12573.1,,
11/23/2019,12564.4,,
11/24/2019,12562.9,,
11/25/2019,12367.6,,
11/26/2019,12249.7,,
11/27/2019,12249.7,,
11/28/2019,12270.2,,
11/29/2019,12246.1,,
11/30/2019,12394.6,,
12/1/2019,12361,,
12/2/2019,12375.4,,
12/3/2019,12337.9,,
12/4/2019,12337.9,,
12/5/2019,12310.3,,
12/6/2019,12350.8,,
12/7/2019,12144.3,,
12/8/2019,12058.4,,
12/9/2019,12200.1,,
12/10/2019,12131.9,,
12/11/2019,12131.9,,
12/12/2019,12094.5,,
12/13/2019,11913.1,,
12/14/2019,11884,,
12/15/2019,11846.8,,
12/16/2019,11879.9,,
12/17/2019,11751.9,,
12/18/2019,11751.9,,
12/19/2019,11740.7,,
12/20/2019,11743.1,,
12/21/2019,11770.7,,
12/22/2019,11697.8,,
12/23/2019,11722.1,,
12/24/2019,11612.4,,
12/25/2019,11612.4,,
12/26/2019,11584.3,,
12/27/2019,11617.7,,
12/28/2019,11844,,
12/29/2019,12057.4,,
12/30/2019,11926.8,,
12/31/2019,11928.8,,
1/1/2020,11928.8,,
1/2/2020,11903.4,,
1/3/2020,11964.2,,
1/4/2020,12002.6,,
1/5/2020,11797.5,,
1/6/2020,11826.9,,
1/7/2020,11834.2,,
1/8/2020,11834.2,,
1/9/2020,11833.1,,
1/10/2020,11864.8,,
1/11/2020,11897.7,,
1/12/2020,11859,,
1/13/2020,11727.5,,
1/14/2020,11645.4,,
1/15/2020,11645.4,,
1/16/2020,11705.1,,
1/17/2020,11598.2,,
1/18/2020,11764,,
1/19/2020,11811.7,,
1/20/2020,11736.9,,
1/21/2020,11903.9,,
1/22/2020,11903.9,,
1/23/2020,11903.9,,
1/24/2020,11830.7,,
1/25/2020,11752,,
1/26/2020,11766.2,,
1/27/2020,11796.6,,
1/28/2020,11733,,
1/29/2020,11733,,
1/30/2020,11733,,
1/31/2020,11765.4,,
2/1/2020,11725.8,,
2/2/2020,11627.9,,
2/3/2020,11637.8,,
2/4/2020,11740.2,,
2/5/2020,11659.7,,
2/6/2020,11675.4,,
2/7/2020,11647.1,,
2/8/2020,11494.4,,
2/9/2020,11483.5,,
2/10/2020,11593.4,,
2/11/2020,11541.2,,
2/12/2020,11584.9,,
2/13/2020,11581.6,,
2/14/2020,11571.1,,
2/15/2020,11640.2,,
2/16/2020,11619,,
2/17/2020,11571.9,,
2/18/2020,11558,,
2/19/2020,11558,,
2/20/2020,11575.4,,
2/21/2020,11499.2,,
2/22/2020,11618.1,,
2/23/2020,11552.4,,
2/24/2020,11617.4,,
2/25/2020,11653.7,,
2/26/2020,11653.7,,
2/27/2020,11653.7,,
2/28/2020,11627.1,,
2/29/2020,11620.4,,
3/1/2020,11633.7,,
3/2/2020,11743.2,,
3/3/2020,11965.9,,
3/4/2020,11965.9,,
3/5/2020,11976.6,,
3/6/2020,12042.8,,
3/7/2020,12079.9,,
3/8/2020,11997,,
3/9/2020,12102.8,,
3/10/2020,12093.4,,
3/11/2020,12093.4,,
3/12/2020,12085.6,,
3/13/2020,12070.6,,
3/14/2020,11933.2,,
3/15/2020,11850.9,,
3/16/2020,11804,,
3/17/2020,11760.2,,
3/18/2020,11760.2,,
3/19/2020,11751.8,,
3/20/2020,11601,,
3/21/2020,11464.4,,
3/22/2020,11593.8,,
3/23/2020,11626.8,,
3/24/2020,11567.3,,
3/25/2020,11567.3,,
3/26/2020,11566.7,,
3/27/2020,11660.6,,
3/28/2020,11626.7,,
3/29/2020,11601.3,,
3/30/2020,11714.5,,
3/31/2020,11585.4,,
4/1/2020,11588.1,,
4/2/2020,11598.7,,
4/3/2020,11481.2,,
4/4/2020,11490,,
4/5/2020,11419.3,,
4/6/2020,11353.8,,
4/7/2020,11463.1,,
4/8/2020,11421.3,,
4/9/2020,11425.2,,
4/10/2020,11591.8,,
4/11/2020,11566.6,,
4/12/2020,11332.3,,
4/13/2020,11260.7,,
4/14/2020,11275.3,,
4/15/2020,11275.3,,
4/16/2020,11279.1,,
4/17/2020,11270.1,,
4/18/2020,11307.2,,
4/19/2020,11283.6,,
4/20/2020,11353.1,,
4/21/2020,11286.2,,
4/22/2020,11286.2,,
4/23/2020,11282.7,,
4/24/2020,11260.7,,
4/25/2020,11063.6,,
4/26/2020,11112.1,,
4/27/2020,11237.6,,
4/28/2020,11222.9,,
4/29/2020,11222.9,,
4/30/2020,11198.4,,
5/1/2020,11193,,
5/2/2020,11332.1,,
5/3/2020,11392.7,,
5/4/2020,11304.9,,
5/5/2020,11242,,
5/6/2020,11242,,
5/7/2020,11226.4,,
5/8/2020,11229.3,,
5/9/2020,11489.9,,
5/10/2020,11551.2,,
5/11/2020,11485.3,,
5/12/2020,11462.2,,
5/13/2020,11462.2,,
5/14/2020,11466.4,,
5/15/2020,11512.4,,
5/16/2020,11470.8,,
5/17/2020,11530.7,,
5/18/2020,11720.8,,
5/19/2020,11760.8,,
5/20/2020,11678.3,,
5/21/2020,11682.2,,
5/22/2020,11596,,
5/23/2020,11618.4,,
5/24/2020,11611.7,,
5/25/2020,11610.7,,
5/26/2020,11636.1,,
5/27/2020,11636.1,,
5/28/2020,11645.5,,
5/29/2020,11478.1,,
5/30/2020,11469.5,,
5/31/2020,11546.9,,
6/1/2020,11570.1,,
6/2/2020,11390.8,,
6/3/2020,11390.8,,
6/4/2020,11416.7,,
6/5/2020,11402.8,,
6/6/2020,11442.4,,
6/7/2020,11431.4,,
6/8/2020,11445.7,,
6/9/2020,11409.3,,
6/10/2020,11409.3,,
6/11/2020,11402.6,,
6/12/2020,11226.9,,
6/13/2020,11226.9,,
6/14/2020,11074.5,,
6/15/2020,11077.7,,
6/16/2020,11335.6,,
6/17/2020,11295,,
6/18/2020,11279.9,,
6/19/2020,11559,,
6/20/2020,11607.7,,
6/21/2020,11595,,
6/22/2020,11612.6,,
6/23/2020,11616.1,,
6/24/2020,11616.1,,
6/25/2020,11615.1,,
6/26/2020,11710.7,,
6/27/2020,11548.1,,
6/28/2020,11516.1,,
6/29/2020,11512.5,,
6/30/2020,11534,,
7/1/2020,11534,,
7/2/2020,11536.9,,
7/3/2020,11577.5,,
7/4/2020,11553.4,,
7/5/2020,11545.5,,
7/6/2020,11572.4,,
7/7/2020,11572.6,,
7/8/2020,11572.6,,
7/9/2020,11572.8,,
7/10/2020,11682.3,,
7/11/2020,11666.7,,
7/12/2020,11585.4,,
7/13/2020,11533.1,,
7/14/2020,11543.8,,
7/15/2020,11543.8,,
7/16/2020,11561.9,,
7/17/2020,11515.9,,
7/18/2020,11516.2,,
7/19/2020,11490.9,,
7/20/2020,11443.2,,
7/21/2020,11410.5,,
7/22/2020,11424.1,,
7/23/2020,11426.1,,
7/24/2020,11348.9,,
7/25/2020,11315.4,,
7/26/2020,11258.3,,
7/27/2020,11371.1,,
7/28/2020,11391,,
7/29/2020,11381.3,,
7/30/2020,11368.9,,
7/31/2020,11346.5,,
8/1/2020,11356.1,,
8/2/2020,11331.8,,
8/3/2020,11390.2,,
8/4/2020,11259.4,,
8/5/2020,11259.4,,
8/6/2020,11252.4,,
8/7/2020,11269.5,,
8/8/2020,11660.6,,
8/9/2020,11814,,
8/10/2020,11864.1,,
8/11/2020,11943.2,,
8/12/2020,11943.2,,
8/13/2020,11939.2,,
8/14/2020,12093.5,,
8/15/2020,12037,,
8/16/2020,12028,,
8/17/2020,12044.2,,
8/18/2020,12018.3,,
8/19/2020,12018.3,,
8/20/2020,12023,,
8/21/2020,11888.9,,
8/22/2020,12129.7,,
8/23/2020,12044,,
8/24/2020,12105,,
8/25/2020,12129.7,,
8/26/2020,12129.7,,
8/27/2020,12128.3,,
8/28/2020,12093.6,,
8/29/2020,12089,,
8/30/2020,12008,,
8/31/2020,11909.7,,
9/1/2020,11895.1,,
9/2/2020,11895.1,,
9/3/2020,11889.9,,
9/4/2020,11866.2,,
9/5/2020,11833.4,,
9/6/2020,11817.1,,
9/7/2020,11799.7,,
9/8/2020,11656.9,,
9/9/2020,11656.9,,
9/10/2020,11648.9,,
9/11/2020,11549.9,,
9/12/2020,11514.6,,
9/13/2020,11593.2,,
9/14/2020,11627,,
9/15/2020,11488.6,,
9/16/2020,11573.9,,
9/17/2020,11581.3,,
9/18/2020,11477.1,,
9/19/2020,11300.5,,
9/20/2020,11247.9,,
9/21/2020,11333.8,,
9/22/2020,11271.4,,
9/23/2020,11211.9,,
9/24/2020,11205.6,,
9/25/2020,11038.6,,
9/26/2020,11151.6,,
9/27/2020,11123.4,,
9/28/2020,11119.6,,
9/29/2020,11059.2,,
9/30/2020,11059.2,,
10/1/2020,11093.5,,
10/2/2020,11137.2,,
10/3/2020,11059.6,,
10/4/2020,11050.3,,
10/5/2020,11007.9,,
10/6/2020,11014.6,,
10/7/2020,11453.9,,
10/8/2020,11451.3,,
10/9/2020,11383.4,,
10/10/2020,11233.7,,
10/11/2020,11288.7,,
10/12/2020,11206.9,,
10/13/2020,11208.6,,
10/14/2020,11208.6,,
10/15/2020,11209.2,,
10/16/2020,11315.3,,
10/17/2020,11177.1,,
10/18/2020,11187.2,,
10/19/2020,11056.4,,
10/20/2020,11083,,
10/21/2020,11083,,
10/22/2020,11083,,
10/23/2020,11069.5,,
10/24/2020,10917.7,,
10/25/2020,10750.6,,
10/26/2020,10938.7,,
10/27/2020,11065.2,,
10/28/2020,11065.2,,
10/29/2020,11062.4,,
10/30/2020,11001.3,,
10/31/2020,11077.6,,
11/1/2020,11005.9,,
11/2/2020,11066,,
11/3/2020,11060.5,,
11/4/2020,11060.5,,
11/5/2020,11043.9,,
11/6/2020,10995.7,,
11/7/2020,11133.8,,
11/8/2020,10973.3,,
11/9/2020,10916.9,,
11/10/2020,10860.7,,
11/11/2020,10888.9,,
11/12/2020,10857.3,,
11/13/2020,10878.7,,
11/14/2020,10874.2,,
11/15/2020,10844.4,,
11/16/2020,10617.8,,
11/17/2020,10695.7,,
11/18/2020,10695.7,,
11/19/2020,10684.5,,
11/20/2020,10670,,
11/21/2020,10770.9,,
11/22/2020,10853.8,,
11/23/2020,10748.6,,
11/24/2020,10826.8,,
11/25/2020,10826.8,,
11/26/2020,10789.4,,
11/27/2020,11059.5,,
11/28/2020,11195,,
11/29/2020,11208.3,,
11/30/2020,11225.9,,
12/1/2020,11215.3,,
12/2/2020,11197.7,,
12/3/2020,11175.7,,
12/4/2020,11212.4,,
12/5/2020,11180.6,,
12/6/2020,11197.5,,
12/7/2020,11361.8,,
12/8/2020,11378.9,,
12/9/2020,11378.9,,
12/10/2020,11341.2,,
12/11/2020,11356.6,,
12/12/2020,11656.1,,
12/13/2020,11549,,
12/14/2020,11476.9,,
12/15/2020,11268.7,,
12/16/2020,11268.7,,
12/17/2020,11250.6,,
12/18/2020,11143,,
12/19/2020,11391.7,,
12/20/2020,11428.7,,
12/21/2020,11389.2,,
12/22/2020,11305.6,,
12/23/2020,11305.6,,
12/24/2020,11310.5,,
12/25/2020,11387.7,,
12/26/2020,11531.4,,
12/27/2020,11749.8,,
12/28/2020,11763.1,,
12/29/2020,11776.5,,
12/30/2020,11638.5,,
12/31/2020,11651.5,,
1/1/2021,11754.7,,
1/2/2021,11594.4,,
1/3/2021,11428.8,,
1/4/2021,11422.9,,
1/5/2021,11360.9,,
1/6/2021,11360.9,,
1/7/2021,11323.8,,
1/8/2021,11405.2,,
1/9/2021,11243,,
1/10/2021,11298.6,,
1/11/2021,11212.8,,
1/12/2021,11171.7,,
1/13/2021,11171.7,,
1/14/2021,11136.4,,
1/15/2021,11576.2,,
1/16/2021,11621.7,,
1/17/2021,11821.1,,
1/18/2021,11650.1,,
1/19/2021,11316.5,,
1/20/2021,11316.5,,
1/21/2021,11316.5,,
1/22/2021,11258.4,,
1/23/2021,11363.9,,
1/24/2021,11332.8,,
1/25/2021,11313.2,,
1/26/2021,11453,,
1/27/2021,11453,,
1/28/2021,11453,,
1/29/2021,11450,,
1/30/2021,11431.9,,
1/31/2021,11322.9,,
2/1/2021,11318,,
2/2/2021,11330.3,,
2/3/2021,11276.4,,
2/4/2021,11267.4,,
2/5/2021,11321.2,,
2/6/2021,11193.3,,
2/7/2021,11119,,
2/8/2021,10966.1,,
2/9/2021,11026.5,,
2/10/2021,11026.5,,
2/11/2021,11017.3,,
2/12/2021,10950.3,,
2/13/2021,10935.2,,
2/14/2021,11179.9,,
2/15/2021,11125.6,,
2/16/2021,10952.2,,
2/17/2021,10952.2,,
2/18/2021,10947.8,,
2/19/2021,10991.5,,
2/20/2021,10917.5,,
2/21/2021,10839.6,,
2/22/2021,10623.8,,
2/23/2021,10628.2,,
2/24/2021,10628.2,,
2/25/2021,10628.2,,
2/26/2021,10750.4,,
2/27/2021,10776.7,,
2/28/2021,10748.8,,
3/1/2021,10940.8,,
3/2/2021,11121.9,,
3/3/2021,11121.9,,
3/4/2021,11135.1,,
3/5/2021,11073.1,,
3/6/2021,11113.3,,
3/7/2021,11221.1,,
3/8/2021,11196.1,,
3/9/2021,11194.5,,
3/10/2021,11194.5,,
3/11/2021,11190,,
3/12/2021,11117.5,,
3/13/2021,11044.5,,
3/14/2021,11103.1,,
3/15/2021,11074.1,,
3/16/2021,11555.4,,
3/17/2021,11555.4,,
3/18/2021,11553.7,,
3/19/2021,11559.1,,
3/20/2021,11232.2,,
3/21/2021,11287,,
3/22/2021,11221.7,,
3/23/2021,11114.1,,
3/24/2021,11114.1,,
3/25/2021,11110.6,,
3/26/2021,11064.5,,
3/27/2021,11104.9,,
3/28/2021,11283,,
3/29/2021,11258.2,,
3/30/2021,11255.3,,
3/31/2021,11255.3,,
4/1/2021,11256.5,,
4/2/2021,11275.4,,
4/3/2021,11379.2,,
4/4/2021,11312.4,,
4/5/2021,11257.8,,
4/6/2021,11230.8,,
4/7/2021,11230.8,,
4/8/2021,11235.7,,
4/9/2021,11304.6,,
4/10/2021,11274.7,,
4/11/2021,11204.3,,
4/12/2021,11376.2,,
4/13/2021,11410.9,,
4/14/2021,11410.9,,
4/15/2021,11403.7,,
4/16/2021,11202.9,,
4/17/2021,11175.4,,
4/18/2021,11176,,
4/19/2021,11334,,
4/20/2021,11259.3,,
4/21/2021,11259.3,,
4/22/2021,11268.3,,
4/23/2021,11306.4,,
4/24/2021,11206.7,,
4/25/2021,11272.7,,
4/26/2021,11193,,
4/27/2021,11071,,
4/28/2021,11071,,
4/29/2021,11071,,
4/30/2021,11107.4,,
5/1/2021,11062.1,,
5/2/2021,11314.5,,
5/3/2021,11392.3,,
5/4/2021,11612.9,,
5/5/2021,11612.9,,
5/6/2021,11612.9,,
5/7/2021,11552.1,,
5/8/2021,11634.8,,
5/9/2021,11570.1,,
5/10/2021,11588,,
5/11/2021,11498.9,,
5/12/2021,11498.9,,
5/13/2021,11498.9,,
5/14/2021,11517.7,,
5/15/2021,11529.4,,
5/16/2021,11454.4,,
5/17/2021,11437,,
5/18/2021,11481.8,,
5/19/2021,11481.8,,
5/20/2021,11485.7,,
5/21/2021,11498.4,,
5/22/2021,11541.9,,
5/23/2021,11753.4,,
5/24/2021,11739.4,,
5/25/2021,11748,,
5/26/2021,11748,,
5/27/2021,11747.7,,
5/28/2021,11528,,
5/29/2021,11673.1,,
5/30/2021,11488.4,,
5/31/2021,11441.1,,
6/1/2021,11487.3,,
6/2/2021,11487.3,,
6/3/2021,11494.4,,
6/4/2021,11568.1,,
6/5/2021,11442.9,,
6/6/2021,11854.6,,
6/7/2021,11709.4,,
6/8/2021,11463.9,,
6/9/2021,11463.9,,
6/10/2021,11454.6,,
6/11/2021,11461.6,,
6/12/2021,11363.1,,
6/13/2021,11331,,
6/14/2021,12010.9,,
6/15/2021,12119.1,,
6/16/2021,12119.1,,
6/17/2021,12081.6,,
6/18/2021,12292.6,,
6/19/2021,12125.4,,
6/20/2021,12008.5,,
6/21/2021,11768.1,,
6/22/2021,11765.9,,
6/23/2021,11765.9,,
6/24/2021,11770.4,,
6/25/2021,11646.4,,
6/26/2021,11748,,
6/27/2021,11646.7,,
6/28/2021,11554.2,,
6/29/2021,11335.8,,
6/30/2021,11335.8,,
7/1/2021,11334.9,,
7/2/2021,11251.9,,
7/3/2021,11139.3,,
7/4/2021,10974.8,,
7/5/2021,10830,,
7/6/2021,10801.5,,
7/7/2021,10801.5,,
7/8/2021,10805.1,,
7/9/2021,10712.2,,
7/10/2021,10809.1,,
7/11/2021,10799.3,,
7/12/2021,10752.5,,
7/13/2021,10729.8,,
7/14/2021,10729.8,,
7/15/2021,10728.9,,
7/16/2021,10760.7,,
7/17/2021,10792.3,,
7/18/2021,10717.9,,
7/19/2021,10656.2,,
7/20/2021,10587.6,,
7/21/2021,10587.6,,
7/22/2021,10587.6,,
7/23/2021,10609,,
7/24/2021,10594.4,,
7/25/2021,10648.6,,
7/26/2021,10598.4,,
7/27/2021,10576.2,,
7/28/2021,10576.2,,
7/29/2021,10576.2,,
7/30/2021,10550.8,,
7/31/2021,10583,,
8/1/2021,10613.4,,
8/2/2021,10526.1,,
8/3/2021,10426.1,,
8/4/2021,10426.1,,
8/5/2021,10431.1,,
8/6/2021,10322.1,,
8/7/2021,10345.1,,
8/8/2021,10317.9,,
8/9/2021,10308.1,,
8/10/2021,10305.6,,
8/11/2021,10305.6,,
8/12/2021,10307.3,,
8/13/2021,10277,,
8/14/2021,10329.8,,
8/15/2021,10192.5,,
8/16/2021,10093.6,,
8/17/2021,10028.4,,
8/18/2021,10028.4,,
8/19/2021,10012.5,,
8/20/2021,10223.8,,
8/21/2021,10126.6,,
8/22/2021,10304.4,,
8/23/2021,10383.7,,
8/24/2021,10348.3,,
8/25/2021,10348.3,,
8/26/2021,10348.7,,
8/27/2021,10283.1,,
8/28/2021,10241.4,,
8/29/2021,10198.8,,
8/30/2021,10308.9,,
8/31/2021,10345.1,,
9/1/2021,10432.6,,
9/2/2021,10427.5,,
9/3/2021,10333.5,,
9/4/2021,10507.5,,
9/5/2021,10516,,
9/6/2021,10442.7,,
9/7/2021,10519,,
9/8/2021,10519,,
9/9/2021,10511.7,,
9/10/2021,10446.4,,
9/11/2021,10369.8,,
9/12/2021,10284.1,,
9/13/2021,10254.9,,
9/14/2021,10206.2,,
9/15/2021,10206.2,,
9/16/2021,10216.1,,
9/17/2021,10286.8,,
9/18/2021,10243.3,,
9/19/2021,10362.3,,
9/20/2021,10361.5,,
9/21/2021,10332.7,,
9/22/2021,10401.5,,
9/23/2021,10393,,
9/24/2021,10387.6,,
9/25/2021,10580,,
9/26/2021,10534.5,,
9/27/2021,10608.3,,
9/28/2021,10702.4,,
9/29/2021,10702.4,,
9/30/2021,10707,,
10/1/2021,10735.8,,
10/2/2021,10665.7,,
10/3/2021,10408.9,,
10/4/2021,10488.3,,
10/5/2021,10342.2,,
10/6/2021,10342.2,,
10/7/2021,10379.4,,
10/8/2021,10597.7,,
10/9/2021,10582,,
10/10/2021,10517.3,,
10/11/2021,10437.9,,
10/12/2021,10267.5,,
10/13/2021,10267.5,,
10/14/2021,10267.5,,
10/15/2021,10324.5,,
10/16/2021,10224.4,,
10/17/2021,10269.3,,
10/18/2021,10335.7,,
10/19/2021,9907.5,,
10/20/2021,9907.5,,
10/21/2021,9917,,
10/22/2021,9871.2,,
10/23/2021,9671.2,,
10/24/2021,9595,,
10/25/2021,9802,,
10/26/2021,9685.8,,
10/27/2021,9791.8,,
10/28/2021,9801.6,,
10/29/2021,9798,,
10/30/2021,9663.6,,
10/31/2021,9801.3,,
11/1/2021,9256.1,,
11/2/2021,8973.3,,
11/3/2021,8973.3,,
11/4/2021,8917.3,,
11/5/2021,8804.1,,
11/6/2021,8856.5,,
11/7/2021,9078.8,,
11/8/2021,8878.1,,
11/9/2021,9053.7,,
11/10/2021,9029.8,,
11/11/2021,8962.9,,
11/12/2021,9215.8,,
11/13/2021,9577.6,,
11/14/2021,9657.8,,
11/15/2021,9797.1,,
11/16/2021,9782.7,,
11/17/2021,9782.7,,
11/18/2021,9868.2,,
11/19/2021,9758.8,,
11/20/2021,9580.6,,
11/21/2021,9549.9,,
11/22/2021,9329.6,,
11/23/2021,9254.6,,
11/24/2021,9254.6,,
11/25/2021,9240.4,,
11/26/2021,9580.8,,
11/27/2021,9602.8,,
11/28/2021,9617,,
11/29/2021,9657.6,,
11/30/2021,9587.9,,
12/1/2021,9587.9,,
12/2/2021,9596,,
12/3/2021,9449.2,,
12/4/2021,9390.6,,
12/5/2021,9340.9,,
12/6/2021,9215.3,,
12/7/2021,9230.6,,
12/8/2021,9230.6,,
12/9/2021,9217.5,,
12/10/2021,9183.1,,
12/11/2021,9116.6,,
12/12/2021,9141.5,,
12/13/2021,9173.1,,
12/14/2021,9146.2,,
12/15/2021,9146.2,,
12/16/2021,9155.3,,
12/17/2021,9125.6,,
12/18/2021,9067.5,,
12/19/2021,9052.5,,
12/20/2021,9187.4,,
12/21/2021,9260.3,,
12/22/2021,9260.3,,
12/23/2021,9244.6,,
12/24/2021,9194.4,,
12/25/2021,9179.6,,
12/26/2021,9153.8,,
12/27/2021,9212.5,,
12/28/2021,9156.4,,
12/29/2021,9156.4,,
12/30/2021,9158.8,,
12/31/2021,9110.4,,
1/1/2022,9076.1,,
1/2/2022,9070.6,,
1/3/2022,9085.9,,
1/4/2022,9058.1,,
1/5/2022,9058.1,,
1/6/2022,9078.8,,
1/7/2022,9026.5,,
1/8/2022,9050.9,,
1/9/2022,9007,,
1/10/2022,9033.8,,
1/11/2022,9075,,
1/12/2022,9095.9,,
1/13/2022,9076.1,,
1/14/2022,9037.4,,
1/15/2022,9061.6,,
1/16/2022,9141.9,,
1/17/2022,9110,,
1/18/2022,9033.2,,
1/19/2022,9033.2,,
1/20/2022,9011.4,,
1/21/2022,8894.3,,
1/22/2022,8850.1,,
1/23/2022,8850.1,,
1/24/2022,8839.6,,
1/25/2022,8800,,
1/26/2022,8800,,
1/27/2022,8808.2,,
1/28/2022,8784.1,,
1/29/2022,8722.7,,
1/30/2022,8731.5,,
1/31/2022,8648,,
2/1/2022,8591.9,,
2/2/2022,8591.9,,
2/3/2022,8592.5,,
2/4/2022,8615.4,,
2/5/2022,8580.9,,
2/6/2022,8588.1,,
2/7/2022,8587.9,,
2/8/2022,8575.1,,
2/9/2022,8575.1,,
2/10/2022,8579.9,,
2/11/2022,8529,,
2/12/2022,8589.7,,
2/13/2022,8521.8,,
2/14/2022,8492.8,,
2/15/2022,8491.4,,
2/16/2022,8491.4,,
2/17/2022,8490.7,,
2/18/2022,8590.5,,
2/19/2022,8571.5,,
2/20/2022,8615.5,,
2/21/2022,8516.6,,
2/22/2022,8486.2,,
2/23/2022,8486.2,,
2/24/2022,8500.8,,
2/25/2022,8446,,
2/26/2022,8453.5,,
2/27/2022,8527.9,,
2/28/2022,8452.2,,
3/1/2022,8454.4,,
3/2/2022,8454.4,,
3/3/2022,8458.1,,
3/4/2022,8451.2,,
3/5/2022,8472.8,,
3/6/2022,8482.1,,
3/7/2022,8480.4,,
3/8/2022,8476.6,,
3/9/2022,8493,,
3/10/2022,8484.8,,
3/11/2022,8518.1,,
3/12/2022,8470.3,,
3/13/2022,8458.3,,
3/14/2022,8436.9,,
3/15/2022,8449.7,,
3/16/2022,8449.7,,
3/17/2022,8471.2,,
3/18/2022,8522,,
3/19/2022,8645.7,,
3/20/2022,8590.1,,
3/21/2022,8739.1,,
3/22/2022,8804.2,,
3/23/2022,8804.2,,
3/24/2022,8796,,
3/25/2022,8791.5,,
3/26/2022,8718.7,,
3/27/2022,8674.9,,
3/28/2022,8695.2,,
3/29/2022,8759.6,,
3/30/2022,8759.6,,
3/31/2022,8762.9,,
4/1/2022,8740.5,,
4/2/2022,8689.7,,
4/3/2022,8671.7,,
4/4/2022,8659.9,,
4/5/2022,8706.7,,
4/6/2022,8706.7,,
4/7/2022,8709,,
4/8/2022,8710.3,,
4/9/2022,8695,,
4/10/2022,8615.5,,
4/11/2022,8677.6,,
4/12/2022,8621.8,,
4/13/2022,8618.9,,
4/14/2022,8619.7,,
4/15/2022,8660.9,,
4/16/2022,8732,,
4/17/2022,8714.8,,
4/18/2022,8659.1,,
4/19/2022,8770.3,,
4/20/2022,8770.3,,
4/21/2022,8771,,
4/22/2022,8769.5,,
4/23/2022,8730.8,,
4/24/2022,8628.6,,
4/25/2022,8626.3,,
4/26/2022,8736.9,,
4/27/2022,8736.9,,
4/28/2022,8744.5,,
4/29/2022,8773.9,,
4/30/2022,8772.8,,
5/1/2022,8909.9,,
5/2/2022,8877.7,,
5/3/2022,8815.8,,
5/4/2022,8815.8,,
5/5/2022,8814,,
5/6/2022,8708.2,,
5/7/2022,8662.6,,
5/8/2022,8710.2,,
5/9/2022,8679.4,,
5/10/2022,8618.2,,
5/11/2022,8618.2,,
5/12/2022,8607.7,,
5/13/2022,8676.8,,
5/14/2022,8663.9,,
5/15/2022,8618,,
5/16/2022,8689,,
5/17/2022,8673.2,,
5/18/2022,8673.2,,
5/19/2022,8744.5,,
5/20/2022,8809.9,,
5/21/2022,9010.9,,
5/22/2022,8951.7,,
5/23/2022,8826.1,,
5/24/2022,8765,,
5/25/2022,8765,,
5/26/2022,8770,,
5/27/2022,8850.8,,
5/28/2022,8907.6,,
5/29/2022,8903.2,,
5/30/2022,8814,,
5/31/2022,8675,,
6/1/2022,8675,,
6/2/2022,8823.7,,
6/3/2022,8638.9,,
6/4/2022,8625.1,,
6/5/2022,8613.4,,
6/6/2022,8520.2,,
6/7/2022,8592.1,,
6/8/2022,8592.1,,
6/9/2022,8598.7,,
6/10/2022,8654.2,,
6/11/2022,8614.3,,
6/12/2022,8534.6,,
6/13/2022,8584.4,,
6/14/2022,8503.8,,
6/15/2022,8503.8,,
6/16/2022,8507.6,,
6/17/2022,8533.8,,
6/18/2022,8519.4,,
6/19/2022,8394.8,,
6/20/2022,8303.2,,
6/21/2022,8166.8,,
6/22/2022,8166.8,,
6/23/2022,8166.2,,
6/24/2022,8175.3,,
6/25/2022,8005.1,,
6/26/2022,8095.2,,
6/27/2022,8070.7,,
6/28/2022,8021.1,,
6/29/2022,8021.1,,
6/30/2022,8013.7,,
7/1/2022,7994.9,,
7/2/2022,8062.8,,
7/3/2022,8010.8,,
7/4/2022,8046.8,,
7/5/2022,8043.7,,
7/6/2022,8043.7,,
7/7/2022,8040.6,,
7/8/2022,8157,,
7/9/2022,8039.7,,
7/10/2022,7920.6,,
7/11/2022,7982.2,,
7/12/2022,8003.4,,
7/13/2022,7973,,
7/14/2022,7967.4,,
7/15/2022,7919.1,,
7/16/2022,7991.8,,
7/17/2022,7876.5,,
7/18/2022,7876.4,,
7/19/2022,7910.1,,
7/20/2022,7910.1,,
7/21/2022,7918.4,,
7/22/2022,8003.5,,
7/23/2022,8019,,
7/24/2022,8012.6,,
7/25/2022,7871.4,,
7/26/2022,7995,,
7/27/2022,7995,,
7/28/2022,8000.4,,
7/29/2022,7985.9,,
7/30/2022,7986.5,,
7/31/2022,8065.9,,
8/1/2022,8038.3,,
8/2/2022,7916.9,,
8/3/2022,7916.9,,
8/4/2022,7918.2,,
8/5/2022,7881,,
8/6/2022,7687.3,,
8/7/2022,7643.6,,
8/8/2022,7603.3,,
8/9/2022,7630.1,,
8/10/2022,7630.1,,
8/11/2022,7616.9,,
8/12/2022,7603.3,,
8/13/2022,7552.9,,
8/14/2022,7515.1,,
8/15/2022,7524,,
8/16/2022,7594.8,,
8/17/2022,7594.8,,
8/18/2022,7596.9,,
8/19/2022,7550.9,,
8/20/2022,7533,,
8/21/2022,7510.4,,
8/22/2022,7513,,
8/23/2022,7356.6,,
8/24/2022,7393.5,,
8/25/2022,7395.9,,
8/26/2022,7297.7,,
8/27/2022,7244.2,,
8/28/2022,7241.1,,
8/29/2022,7270.7,,
8/30/2022,7262.4,,
8/31/2022,7262.4,,
9/1/2022,7275.8,,
9/2/2022,7271.1,,
9/3/2022,7218.7,,
9/4/2022,7208.3,,
9/5/2022,7211.8,,
9/6/2022,7211.1,,
9/7/2022,7211.1,,
9/8/2022,7211.5,,
9/9/2022,7266,,
9/10/2022,7335.5,,
9/11/2022,7360.3,,
9/12/2022,7369.3,,
9/13/2022,7275.4,,
9/14/2022,7275.4,,
9/15/2022,7274.1,,
9/16/2022,7231.7,,
9/17/2022,7181.8,,
9/18/2022,7298,,
9/19/2022,7292.2,,
9/20/2022,7262.5,,
9/21/2022,7281.5,,
9/22/2022,7278.7,,
9/23/2022,7205.3,,
9/24/2022,7211.1,,
9/25/2022,7258.9,,
9/26/2022,7222.4,,
9/27/2022,7231,,
9/28/2022,7231,,
9/29/2022,7242.2,,
9/30/2022,7188.3,,
10/1/2022,7162.9,,
10/2/2022,7135.2,,
10/3/2022,7147.9,,
10/4/2022,7145.8,,
10/5/2022,7145.8,,
10/6/2022,7145.8,,
10/7/2022,7126.5,,
10/8/2022,7142.9,,
10/9/2022,7155.6,,
10/10/2022,7217.9,,
10/11/2022,7230.9,,
10/12/2022,7258.4,,
10/13/2022,7231.4,,
10/14/2022,7246.8,,
10/15/2022,7339.1,,
10/16/2022,7318.6,,
10/17/2022,7277,,
10/18/2022,7246.9,,
10/19/2022,7246.9,,
10/20/2022,7247.9,,
10/21/2022,7251.6,,
10/22/2022,7234.8,,
10/23/2022,7237.1,,
10/24/2022,7205.1,,
10/25/2022,7278.2,,
10/26/2022,7278.3,,
10/27/2022,7278.3,,
10/28/2022,7300.7,,
10/29/2022,7406.3,,
10/30/2022,7495,,
10/31/2022,7562,,
11/1/2022,7491.4,,
11/2/2022,7506.1,,
11/3/2022,7506.6,,
11/4/2022,7486.5,,
11/5/2022,7524.8,,
11/6/2022,7484.6,,
11/7/2022,7456.9,,
11/8/2022,7465,,
11/9/2022,7465,,
11/10/2022,7461.8,,
11/11/2022,7443.2,,
11/12/2022,7523.7,,
11/13/2022,7470.9,,
11/14/2022,7416.4,,
11/15/2022,7425.3,,
11/16/2022,7440.9,,
11/17/2022,7448.5,,
11/18/2022,7371.4,,
11/19/2022,7367,,
11/20/2022,7396.6,,
11/21/2022,7421.4,,
11/22/2022,7461.6,,
11/23/2022,7461.6,,
11/24/2022,7464,,
11/25/2022,7593.1,,
11/26/2022,7617.3,,
11/27/2022,7672.6,,
11/28/2022,7663.4,,
11/29/2022,7647.7,,
11/30/2022,7647.7,,
12/1/2022,7650,,
12/2/2022,7639.4,,
12/3/2022,7734.1,,
12/4/2022,7727.5,,
12/5/2022,7648.2,,
12/6/2022,7575.3,,
12/7/2022,7575.3,,
12/8/2022,7576.1,,
12/9/2022,7525.2,,
12/10/2022,7481.6,,
12/11/2022,7503.5,,
12/12/2022,7468.1,,
12/13/2022,7500,,
12/14/2022,7500,,
12/15/2022,7504.2,,
12/16/2022,7479.1,,
12/17/2022,7451.5,,
12/18/2022,7522.3,,
12/19/2022,7449.3,,
12/20/2022,7475.4,,
12/21/2022,7473.9,,
12/22/2022,7473.4,,
12/23/2022,7564.8,,
12/24/2022,7602.3,,
12/25/2022,7615.2,,
12/26/2022,7590.3,,
12/27/2022,7562.4,,
12/28/2022,7598.4,,
12/29/2022,7569.3,,
12/30/2022,7468.6,,
12/31/2022,7504.7,,
1/1/2023,7513.7,,
1/2/2023,7474.8,,
1/3/2023,7471.6,,
1/4/2023,7471.6,,
1/5/2023,7476.7,,
1/6/2023,7530.3,,
1/7/2023,7567.1,,
1/8/2023,7554,,
1/9/2023,7556.1,,
1/10/2023,7520.4,,
1/11/2023,7520.4,,
1/12/2023,7521,,
1/13/2023,7526.7,,
1/14/2023,7567.8,,
1/15/2023,7531.6,,
1/16/2023,7536.4,,
1/17/2023,7537.8,,
1/18/2023,7537.8,,
1/19/2023,7535.6,,
1/20/2023,7591.5,,
1/21/2023,7525.2,,
1/22/2023,7513.1,,
1/23/2023,7518.5,,
1/24/2023,7519.3,,
1/25/2023,7519.3,,
1/26/2023,7519.3,,
1/27/2023,7471.9,,
1/28/2023,7379.4,,
1/29/2023,7398.6,,
1/30/2023,7397.8,,
1/31/2023,7303.4,,
2/1/2023,7304.4,,
2/2/2023,7304.4,,
2/3/2023,7340.5,,
2/4/2023,7196,,
2/5/2023,7219.9,,
2/6/2023,7195.2,,
2/7/2023,7146.7,,
2/8/2023,7146.7,,
2/9/2023,7148.3,,
2/10/2023,7164.9,,
2/11/2023,7174.5,,
2/12/2023,7151.4,,
2/13/2023,7141.6,,
2/14/2023,7152.2,,
2/15/2023,7152.2,,
2/16/2023,7163.2,,
2/17/2023,7120.1,,
2/18/2023,7123,,
2/19/2023,7115.7,,
2/20/2023,7067.6,,
2/21/2023,7038.6,,
2/22/2023,7017.5,,
2/23/2023,7017.5,,
2/24/2023,7063.6,,
2/25/2023,7045.8,,
2/26/2023,7023.9,,
2/27/2023,7069.7,,
2/28/2023,7054.8,,
3/1/2023,7051.9,,
3/2/2023,7051.9,,
3/3/2023,7045.5,,
3/4/2023,7038.2,,
3/5/2023,6950.4,,
3/6/2023,6964,,
3/7/2023,6875.1,,
3/8/2023,6875.1,,
3/9/2023,6933.6,,
3/10/2023,6879.2,,
3/11/2023,6857.9,,
3/12/2023,6785.1,,
3/13/2023,6778.4,,
3/14/2023,6685.9,,
3/15/2023,6685.9,,
3/16/2023,6685.5,,
3/17/2023,6751,,
3/18/2023,6889,,
3/19/2023,6773.5,,
3/20/2023,6887.5,,
3/21/2023,6815.8,,
3/22/2023,6815.8,,
3/23/2023,6816.7,,
3/24/2023,6833.9,,
3/25/2023,6724.4,,
3/26/2023,6850.2,,
3/27/2023,6855.6,,
3/28/2023,6849.9,,
3/29/2023,6849.9,,
3/30/2023,6853.8,,
3/31/2023,6829.5,,
4/1/2023,6832.7,,
4/2/2023,6819.5,,
4/3/2023,6775,,
4/4/2023,6750.4,,
4/5/2023,6750.4,,
4/6/2023,6751.2,,
4/7/2023,6738.1,,
4/8/2023,6717,,
4/9/2023,6717.7,,
4/10/2023,6707.6,,
4/11/2023,6630.1,,
4/12/2023,6633.7,,
4/13/2023,6637.8,,
4/14/2023,6723.7,,
4/15/2023,6560.8,,
4/16/2023,6534.1,,
4/17/2023,6510.7,,
4/18/2023,6549.8,,
4/19/2023,6549.8,,
4/20/2023,6575.8,,
4/21/2023,6548.1,,
4/22/2023,6536.7,,
4/23/2023,6533.6,,
4/24/2023,6457.2,,
4/25/2023,6476.4,,
4/26/2023,6476.4,,
4/27/2023,6473.6,,
4/28/2023,6433.1,,
4/29/2023,6476.1,,
4/30/2023,6504.4,,
5/1/2023,6490.9,,
5/2/2023,6473.6,,
5/3/2023,6490.5,,
5/4/2023,6491.1,,
5/5/2023,6541.4,,
5/6/2023,6456.8,,
5/7/2023,6380,,
5/8/2023,6359.3,,
5/9/2023,6271.6,,
5/10/2023,6272.9,,
5/11/2023,6278.6,,
5/12/2023,6275.9,,
5/13/2023,6290.5,,
5/14/2023,6234.9,,
5/15/2023,6231,,
5/16/2023,6228.4,,
5/17/2023,6221.6,,
5/18/2023,6222.9,,
5/19/2023,6227.5,,
5/20/2023,6232.6,,
5/21/2023,6202.9,,
5/22/2023,6229.5,,
5/23/2023,6227.8,,
5/24/2023,6227.8,,
5/25/2023,6219.9,,
5/26/2023,6222,,
5/27/2023,6249.9,,
5/28/2023,6218.3,,
5/29/2023,6260.4,,
5/30/2023,6203.9,,
5/31/2023,6203.9,,
6/1/2023,6204,,
6/2/2023,6122.2,,
6/3/2023,6168.7,,
6/4/2023,6156.6,,
6/5/2023,6129.1,,
6/6/2023,6100,,
6/7/2023,6100,,
6/8/2023,6096,,
6/9/2023,6044.5,,
6/10/2023,6045,,
6/11/2023,6142.3,,
6/12/2023,6129.8,,
6/13/2023,6223.9,,
6/14/2023,6223.9,,
6/15/2023,6227.2,,
6/16/2023,6225.3,,
6/17/2023,6228.3,,
6/18/2023,6206.1,,
6/19/2023,6189.4,,
6/20/2023,6221.6,,
6/21/2023,6221.6,,
6/22/2023,6225.8,,
6/23/2023,6197.7,,
6/24/2023,6230,,
6/25/2023,6277.1,,
6/26/2023,6261.1,,
6/27/2023,6267,,
6/28/2023,6267,,
6/29/2023,6268.1,,
6/30/2023,6265.3,,
7/1/2023,6310,,
7/2/2023,6275.8,,
7/3/2023,6270.4,,
7/4/2023,6279.9,,
7/5/2023,6279.9,,
7/6/2023,6319.8,,
7/7/2023,6283.2,,
7/8/2023,6299.4,,
7/9/2023,6302.9,,
7/10/2023,6368.4,,
7/11/2023,6356.8,,
7/12/2023,6356.8,,
7/13/2023,6358.2,,
7/14/2023,6377.2,,
7/15/2023,6348.1,,
7/16/2023,6420.5,,
7/17/2023,6410.4,,
7/18/2023,6391.1,,
7/19/2023,6391.1,,
7/20/2023,6414.1,,
7/21/2023,6411.7,,
7/22/2023,6402.4,,
7/23/2023,6370.8,,
7/24/2023,6307.1,,
7/25/2023,6367.2,,
7/26/2023,6367.2,,
7/27/2023,6363.7,,
7/28/2023,6342.8,,
7/29/2023,6367.8,,
7/30/2023,6399.2,,
7/31/2023,6452.2,,
8/1/2023,6467.7,,
8/2/2023,6475.9,,
8/3/2023,6482.7,,
8/4/2023,6486.3,,
8/5/2023,6514.1,,
8/6/2023,6549.4,,
8/7/2023,6562.5,,
8/8/2023,6557.3,,
8/9/2023,6557.3,,
8/10/2023,6564.1,,
8/11/2023,6676.2,,
8/12/2023,6663.9,,
8/13/2023,6636.4,,
8/14/2023,6644.4,,
8/15/2023,6604.9,,
8/16/2023,6604.9,,
8/17/2023,6630.7,,
8/18/2023,6615.2,,
8/19/2023,6610.5,,
8/20/2023,6603.2,,
8/21/2023,6578.1,,
8/22/2023,6599.5,,
8/23/2023,6580.6,,
8/24/2023,6584.1,,
8/25/2023,6602.8,,
8/26/2023,6600.7,,
8/27/2023,6595.9,,
8/28/2023,6577.1,,
8/29/2023,6601.1,,
8/30/2023,6601.1,,
8/31/2023,6596.1,,
9/1/2023,6618.4,,
9/2/2023,6555.4,,
9/3/2023,6548.3,,
9/4/2023,6545.7,,
9/5/2023,6543.2,,
9/6/2023,6543.2,,
9/7/2023,6542.1,,
9/8/2023,6550,,
9/9/2023,6550.3,,
9/10/2023,6558.3,,
9/11/2023,6664.4,,
9/12/2023,6669.2,,
9/13/2023,6680.1,,
9/14/2023,6687.1,,
9/15/2023,6704.4,,
9/16/2023,6657.7,,
9/17/2023,6646.8,,
9/18/2023,6644.4,,
9/19/2023,6655.3,,
9/20/2023,6655.3,,
9/21/2023,6656.8,,
9/22/2023,6640.3,,
9/23/2023,6601.2,,
9/24/2023,6603.1,,
9/25/2023,6663.2,,
9/26/2023,6690.1,,
9/27/2023,6682.2,,
9/28/2023,6690.8,,
9/29/2023,6695.7,,
9/30/2023,6663.9,,
10/1/2023,6708.5,,
10/2/2023,6760.6,,
10/3/2023,6784.9,,
10/4/2023,6737.5,,
10/5/2023,6756.1,,
10/6/2023,6719.7,,
10/7/2023,6703.6,,
10/8/2023,6751,,
10/9/2023,6685.6,,
10/10/2023,6651.1,,
10/11/2023,6642.6,,
10/12/2023,6629.8,,
10/13/2023,6694.5,,
10/14/2023,6669.3,,
10/15/2023,6596.6,,
10/16/2023,6614,,
10/17/2023,6616.6,,
10/18/2023,6659.1,,
10/19/2023,6720.5,,
10/20/2023,6775.3,,
10/21/2023,6750.2,,
10/22/2023,6661.4,,
10/23/2023,6619.3,,
10/24/2023,6569.2,,
10/25/2023,6576.6,,
10/26/2023,6562.1,,
10/27/2023,6605.5,,
10/28/2023,6621.9,,
10/29/2023,6612.8,,
10/30/2023,6591,,
10/31/2023,6591.4,,
11/1/2023,6591.3,,
11/2/2023,6630.2,,
11/3/2023,6628.2,,
11/4/2023,6568,,
11/5/2023,6584.6,,
11/6/2023,6508.4,,
11/7/2023,6558.2,,
11/8/2023,6592.4,,
11/9/2023,6631,,
11/10/2023,6615.3,,
11/11/2023,6618.2,,
11/12/2023,6630.2,,
11/13/2023,6687.5,,
11/14/2023,6721.2,,
11/15/2023,6736.9,,
11/16/2023,6725.6,,
11/17/2023,6673.8,,
11/18/2023,6592.6,,
11/19/2023,6577.4,,
11/20/2023,6510.9,,
11/21/2023,6518,,
11/22/2023,6576.8,,
11/23/2023,6611.1,,
11/24/2023,6605.8,,
11/25/2023,6590.7,,
11/26/2023,6636,,
11/27/2023,6640.3,,
11/28/2023,6647.9,,
11/29/2023,6632,,
11/30/2023,6676.6,,
12/1/2023,6687.2,,
12/2/2023,6681.5,,
12/3/2023,6598.4,,
12/4/2023,6589.3,,
12/5/2023,6594.9,,
12/6/2023,6580.5,,
12/7/2023,6589.8,,
12/8/2023,6590.8,,
12/9/2023,6613.1,,
12/10/2023,6556.3,,
12/11/2023,6530.2,,
12/12/2023,6515.2,,
12/13/2023,6472.4,,
12/14/2023,6516.1,,
12/15/2023,6491.8,,
12/16/2023,6483.3,,
12/17/2023,6487.8,,
12/18/2023,6467,,
12/19/2023,6351.9,,
12/20/2023,6360.8,,
12/21/2023,6357.5,,
12/22/2023,6260.1,,
12/23/2023,6198.4,,
12/24/2023,6196,,
12/25/2023,6208.1,,
12/26/2023,6208.1,,
12/27/2023,6214.6,,
12/28/2023,6195.6,,
12/29/2023,6198.5,,
12/30/2023,6167.8,,
12/31/2023,6152.1,,
1/1/2024,6111,,
1/2/2024,6098.4,,
1/3/2024,6129.1,,
1/4/2024,6150.7,,
1/5/2024,6179.4,,
1/6/2024,6220.2,,
1/7/2024,6233.8,,
1/8/2024,6277.2,,
1/9/2024,6291,,
1/10/2024,6311.7,,
1/11/2024,6337.5,,
1/12/2024,6377.8,,
1/13/2024,6385,,
1/14/2024,6369.5,,
1/15/2024,6367.1,,
1/16/2024,6351.2,,
1/17/2024,6334.4,,
1/18/2024,6348.3,,
1/19/2024,6335,,
1/20/2024,6313.6,,
1/21/2024,6330.6,,
1/22/2024,6284.9,,
1/23/2024,6302.6,,
1/24/2024,6328,,
1/25/2024,6334.8,,
1/26/2024,6321.4,,
1/27/2024,6282.1,,
1/28/2024,6265.8,,
1/29/2024,6246.8,,
1/30/2024,6307.2,,
1/31/2024,6298.6,,
2/1/2024,6263.4,,
2/2/2024,6271.3,,
2/3/2024,6242.3,,
2/4/2024,6279.9,,
2/5/2024,6296.3,,
2/6/2024,6302.2,,
2/7/2024,6290.5,,
2/8/2024,6320.7,,
2/9/2024,6345.2,,
2/10/2024,6313.7,,
2/11/2024,6335.8,,
2/12/2024,6426.4,,
2/13/2024,6366.6,,
2/14/2024,6351.3,,
2/15/2024,6361.1,,
2/16/2024,6294.3,,
2/17/2024,6208.8,,
2/18/2024,6275.4,,
2/19/2024,6270.9,,
2/20/2024,6253.3,,
2/21/2024,6260,,
2/22/2024,6305,,
2/23/2024,6307.9,,
2/24/2024,6303.1,,
2/25/2024,6385.4,,
2/26/2024,6351.4,,
2/27/2024,6349.2,,
2/28/2024,6336.8,,
2/29/2024,6427.1,,
3/1/2024,6437.7,,
3/2/2024,6444.5,,
3/3/2024,6492.7,,
3/4/2024,6501,,
3/5/2024,6520.8,,
3/6/2024,6508.5,,
3/7/2024,6544.5,,
3/8/2024,6602.3,,
3/9/2024,6585,,
3/10/2024,6556.4,,
3/11/2024,6536.1,,
3/12/2024,6522.9,,
3/13/2024,6477.7,,
3/14/2024,6433.1,,
3/15/2024,6419.7,,
3/16/2024,6469.5,,
3/17/2024,6310,,
3/18/2024,6312.5,,
3/19/2024,6330.7,,
3/20/2024,6317.9,,
3/21/2024,6356,,
3/22/2024,6377,,
3/23/2024,6324.1,,
3/24/2024,6259.8,,
3/25/2024,6247.8,,
3/26/2024,6303.9,,
3/27/2024,6318.5,,
3/28/2024,6185.8,,
3/29/2024,6119.5,,
3/30/2024,6077,,
3/31/2024,6195.8,,
4/1/2024,6194.3,,
4/2/2024,6243.9,,
4/3/2024,6257,,
4/4/2024,6255.1,,
4/5/2024,6247.7,,
4/6/2024,6241.9,,
4/7/2024,6221.6,,
4/8/2024,6154.2,,
4/9/2024,6182.9,,
4/10/2024,6189,,
4/11/2024,6158.1,,
4/12/2024,6109.9,,
4/13/2024,6130.1,,
4/14/2024,6125.2,,
4/15/2024,6080.4,,
4/16/2024,6068.8,,
4/17/2024,6011.4,,
4/18/2024,6014.1,,
4/19/2024,5975.8,,
4/20/2024,5978.8,,
4/21/2024,5996.2,,
4/22/2024,6039,,
4/23/2024,6022.6,,
4/24/2024,6035.3,,
4/25/2024,6058.5,,
4/26/2024,6122.6,,
4/27/2024,6127.2,,
4/28/2024,6142.9,,
4/29/2024,6148.5,,
4/30/2024,6125.8,,
5/1/2024,6178,,
5/2/2024,6150.7,,
5/3/2024,6110.3,,
5/4/2024,6108.8,,
5/5/2024,6129.6,,
5/6/2024,6168.9,,
5/7/2024,6151.8,,
5/8/2024,6264.4,,
5/9/2024,6186.9,,
5/10/2024,6205.8,,
5/11/2024,6209.4,,
5/12/2024,6219.5,,
5/13/2024,6335.5,,
5/14/2024,6344.3,,
5/15/2024,6280.3,,
5/16/2024,6264.9,,
5/17/2024,6204.3,,
5/18/2024,6210.2,,
5/19/2024,6194.6,,
5/20/2024,6204.5,,
5/21/2024,6191.1,,
5/22/2024,6168,,
5/23/2024,6141.6,,
5/24/2024,6181.1,,
5/25/2024,6174.1,,
5/26/2024,6155.6,,
5/27/2024,6163,,
5/28/2024,6049.2,,
5/29/2024,6040.9,,
5/30/2024,6031.6,,
5/31/2024,5990.8,,
6/1/2024,5991,,
6/2/2024,5970.6,,
6/3/2024,6020.6,,
6/4/2024,6011.2,,
6/5/2024,6014,,
6/6/2024,6128,,
6/7/2024,6207.7,,
6/8/2024,6199.2,,
6/9/2024,6179.3,,
6/10/2024,6165.3,,
6/11/2024,6183.4,,
6/12/2024,6203.8,,
6/13/2024,6272.5,,
6/14/2024,6259.3,,
6/15/2024,6260,,
6/16/2024,6248.1,,
6/17/2024,6264,,
6/18/2024,6268.1,,
6/19/2024,6272.6,,
6/20/2024,6226.6,,
6/21/2024,6126,,
6/22/2024,6090,,
6/23/2024,6171.5,,
6/24/2024,6104.8,,
6/25/2024,6070.1,,
6/26/2024,6133.9,,
6/27/2024,6085.2,,
6/28/2024,6079.1,,
6/29/2024,6096.4,,
6/30/2024,6110.4,,
7/1/2024,6134,,
7/2/2024,6133.4,,
7/3/2024,6077.2,,
7/4/2024,6084.4,,
7/5/2024,6087.1,,
7/6/2024,6048.1,,
7/7/2024,6016.3,,
7/8/2024,6012.5,,
7/9/2024,6008.1,,
7/10/2024,5853,,
7/11/2024,5871.7,,
7/12/2024,5851,,
7/13/2024,5849.1,,
7/14/2024,5868,,
7/15/2024,5873.1,,
7/16/2024,5915.6,,
7/17/2024,5976.8,,
7/18/2024,5955.2,,
7/19/2024,6009.5,,
7/20/2024,6031.9,,
7/21/2024,6111,,
7/22/2024,6133.3,,
7/23/2024,6109.2,,
7/24/2024,6093.6,,
7/25/2024,6053.3,,
7/26/2024,6009.9,,
7/27/2024,6002.1,,
7/28/2024,6011.9,,
7/29/2024,6001.5,,
7/30/2024,5917.5,,
7/31/2024,5974.3,,
8/1/2024,5909.5,,
8/2/2024,5945.8,,
8/3/2024,5980.6,,
8/4/2024,6011.4,,
8/5/2024,5954.9,,
8/6/2024,5931.6,,
8/7/2024,5869.1,,
8/8/2024,5902.9,,
8/9/2024,5818.4,,
8/10/2024,5857.2,,
8/11/2024,5754.4,,
8/12/2024,5720.3,,
8/13/2024,5748.6,,
8/14/2024,5772,,
8/15/2024,5863.2,,
8/16/2024,5846.5,,
8/17/2024,5784.5,,
8/18/2024,5763.6,,
8/19/2024,5859.2,,
8/20/2024,5858,,
8/21/2024,5790.9,,
8/22/2024,5728.5,,
8/23/2024,5800.4,,
8/24/2024,5676.2,,
8/25/2024,5712.2,,
8/26/2024,5669.9,,
8/27/2024,5658.5,,
8/28/2024,5648.4,,
8/29/2024,5608.9,,
8/30/2024,5541.3,,
8/31/2024,5509.8,,
9/1/2024,5506.7,,
9/2/2024,5508.9,,
9/3/2024,5452.9,,
9/4/2024,5432.9,,
9/5/2024,5437.5,,
9/6/2024,5439.5,,
9/7/2024,5433.6,,
9/8/2024,5411.6,,
9/9/2024,5396.4,,
9/10/2024,5437.1,,
9/11/2024,5413.4,,
9/12/2024,5380.7,,
9/13/2024,5545.1,,
9/14/2024,5534.9,,
9/15/2024,5531,,
9/16/2024,5561.1,,
9/17/2024,5590.7,,
9/18/2024,5619.5,,
9/19/2024,5604.2,,
9/20/2024,5536.5,,
9/21/2024,5600.3,,
9/22/2024,5529.2,,
9/23/2024,5623.8,,
9/24/2024,5671.2,,
9/25/2024,5665.5,,
9/26/2024,5662.5,,
9/27/2024,5641.8,,
9/28/2024,5643.3,,
9/29/2024,5780.8,,
9/30/2024,5778.4,,
10/1/2024,5775.2,,
10/2/2024,5840.8,,
10/3/2024,5840.7,,
10/4/2024,5834.9,,
10/5/2024,5758.8,,
10/6/2024,5863,,
10/7/2024,6008.4,,
10/8/2024,6097.8,,
10/9/2024,6086.6,,
10/10/2024,6090.4,,
10/11/2024,6193.9,,
10/12/2024,6196.7,,
10/13/2024,6197.6,,
10/14/2024,6123,,
10/15/2024,6040.6,,
10/16/2024,6048.4,,
10/17/2024,6029.3,,
10/18/2024,5988.8,,
10/19/2024,6019.5,,
10/20/2024,5968.9,,
10/21/2024,5988.5,,
10/22/2024,5976.7,,
10/23/2024,5993.8,,
10/24/2024,5942.7,,
10/25/2024,5914.8,,
10/26/2024,5899.2,,
10/27/2024,5947.1,,
10/28/2024,5926,,
10/29/2024,5908.8,,
10/30/2024,5943.4,,
10/31/2024,5927.5,,
11/1/2024,5903.9,,
11/2/2024,5976.9,,
11/3/2024,6040.9,,
11/4/2024,6146.7,,
11/5/2024,6222.2,,
11/6/2024,6206.4,,
11/7/2024,6221.2,,
11/8/2024,6238.3,,
11/9/2024,6294,,
11/10/2024,6287.9,,
11/11/2024,6283.6,,
11/12/2024,6210.6,,
11/13/2024,6149.5,,
11/14/2024,6170.6,,
11/15/2024,6119.7,,
11/16/2024,6123.2,,
11/17/2024,6165.9,,
11/18/2024,6167.3,,
11/19/2024,6175.6,,
11/20/2024,6216.2,,
11/21/2024,6268.8,,
11/22/2024,6294.3,,
11/23/2024,6246.1,,
11/24/2024,6213.9,,
11/25/2024,6193.5,,
11/26/2024,6120.9,,
11/27/2024,6116,,
11/28/2024,6165.8,,
11/29/2024,6220,,
11/30/2024,6166.1,,
12/1/2024,6167,,
12/2/2024,6199,,
12/3/2024,6268.7,,
12/4/2024,6239.4,,
12/5/2024,6291.7,,
12/6/2024,6280.6,,
12/7/2024,6255.2,,
12/8/2024,6272.7,,
12/9/2024,6252.1,,
12/10/2024,6312.9,,
12/11/2024,6334.2,,
12/12/2024,6299.7,,
12/13/2024,6268.8,,
12/14/2024,6280.7,,
12/15/2024,6266.6,,
12/16/2024,6382.5,,
12/17/2024,6374.9,,
12/18/2024,6395.1,,
12/19/2024,6281.1,,
12/20/2024,6284,,
12/21/2024,6278.8,,
12/22/2024,6231.1,,
12/23/2024,6208.7,,
12/24/2024,6171.7,,
12/25/2024,6195.6,,
12/26/2024,6201.5,,
12/27/2024,6145.8,,
12/28/2024,6243.6,,
12/29/2024,6308.8,,
12/30/2024,6205.5,,
12/31/2024,6202.1,,
1/1/2025,6312.1,,
1/2/2025,6280.1,,
1/3/2025,6339.9,,
1/4/2025,6339,,
1/5/2025,6342.2,,
1/6/2025,6429.2,,
1/7/2025,6344.1,,
1/8/2025,6321.3,,
1/9/2025,6262,,
1/10/2025,6217.6,,
1/11/2025,6265.7,,
1/12/2025,6221.7,,
1/13/2025,6208.1,,
1/14/2025,6210.4,,
1/15/2025,5955.3,,
1/16/2025,5932.1,,
1/17/2025,5950.1,,
1/18/2025,5965.1,,
1/19/2025,6026.4,,
1/20/2025,6098.6,,
1/21/2025,5964.3,,
1/22/2025,5980.3,,
1/23/2025,5958.4,,
1/24/2025,5965.3,,
1/25/2025,5904.5,,
1/26/2025,5913.1,,
1/27/2025,5816.1,,
1/28/2025,5885.8,,
1/29/2025,5890.4,,
1/30/2025,5771.2,,
1/31/2025,5778.8,,
2/1/2025,5752.6,,
2/2/2025,5745.4,,
2/3/2025,5737.2,,
2/4/2025,5764.8,,
2/5/2025,5750.6,,
2/6/2025,5838.7,,
2/7/2025,5871.8,,
2/8/2025,5908.9,,
2/9/2025,5815.3,,
2/10/2025,5985.6,,
2/11/2025,6004.9,,
2/12/2025,6029.3,,
2/13/2025,5927.1,,
2/14/2025,5998.6,,
2/15/2025,5979.6,,
2/16/2025,5917.2,,
2/17/2025,5923.8,,
2/18/2025,6054.7,,
2/19/2025,5993.6,,
2/20/2025,5997.5,,
2/21/2025,6074,,
2/22/2025,5989.6,,
2/23/2025,6030.5,,
2/24/2025,5896.9,,
2/25/2025,5865.5,,
2/26/2025,5828.1,,
2/27/2025,5811.6,,
2/28/2025,5846.8,,
3/1/2025,5868,,
3/2/2025,5874.3,,
3/3/2025,5851.5,,
3/4/2025,5744.7,,
3/5/2025,5754.5,,
3/6/2025,5786.7,,
3/7/2025,5803.1,,
3/8/2025,5833.1,,
3/9/2025,5831.4,,
3/10/2025,5777.8,,
3/11/2025,5754.6,,
3/12/2025,5669.7,,
3/13/2025,5735.6,,
3/14/2025,5727.4,,
3/15/2025,5715.5,,
3/16/2025,5924.6,,
3/17/2025,5877.9,,
3/18/2025,5780.6,,
3/19/2025,5756,,
3/20/2025,5757,,
3/21/2025,5739.6,,
3/22/2025,5681,,
3/23/2025,5848.1,,
3/24/2025,5801.4,,
3/25/2025,5839.8,,
3/26/2025,5895.1,,
3/27/2025,5715.1,,
3/28/2025,5730.8,,
3/29/2025,5764.4,,
3/30/2025,5886.8,,
3/31/2025,5894.1,,
4/1/2025,5799.6,,
4/2/2025,5896.6,,
4/3/2025,5885.2,,
4/4/2025,5931.8,,
4/5/2025,5803.4,,
4/6/2025,5750.4,,
4/7/2025,5734.5,,
4/8/2025,5782.7,,
4/9/2025,5680,,
4/10/2025,5715.3,,
4/11/2025,5792.1,,
4/12/2025,5644.6,,
4/13/2025,5589.4,,
4/14/2025,5700.9,,
4/15/2025,5599,,
4/16/2025,5601.1,,
4/17/2025,5593.9,,
4/18/2025,5599.5,,
4/19/2025,5733.4,,
4/20/2025,5742.4,,
4/21/2025,5497.8,,
4/22/2025,5507,,
4/23/2025,5518.4,,
4/24/2025,5315.5,,
4/25/2025,5353.6,,
4/26/2025,5231.1,,
4/27/2025,5218.2,,
4/28/2025,5250.9,,
4/29/2025,5138.6,,
4/30/2025,5146.1,,
5/1/2025,5164.1,,
5/2/2025,5150.5,,
5/3/2025,5133.6,,
5/4/2025,5071.9,,
5/5/2025,5072.3,,
5/6/2025,5092,,
5/7/2025,5024.7,,
5/8/2025,5023.2,,
5/9/2025,5047,,
5/10/2025,5028.1,,
5/11/2025,5021.3,,
5/12/2025,5014.5,,
5/13/2025,5058.6,,
5/14/2025,5095.5,,
5/15/2025,5112,,
5/16/2025,5051.7,,
5/17/2025,4974.7,,
5/18/2025,5025.5,,
5/19/2025,4907.4,,
